id,subject,topic,question,option_A,option_B,option_C,option_D,answer,explanation
1,Anatomy,Bones & joints,Which of the following is correct? The strongest ligament of the hip joint is the iliofemoral ligament.,Iliofemoral ligament,Pubofemoral ligament,Ischiofemoral ligament,Ligamentum teres,A,Correct answer: Iliofemoral ligament. This is a high-yield anatomy fact.
2,Anatomy,Bones & joints,Which structure is associated with this statement: The strongest ligament of the hip joint is the iliofemoral ligament.,Iliofemoral ligament,Pubofemoral ligament,Ischiofemoral ligament,Ligamentum teres,A,The structure is Iliofemoral ligament.
3,Anatomy,Bones & joints,A medical student is asked in a viva: The strongest ligament of the hip joint is the iliofemoral ligament. Which option should be selected?,Iliofemoral ligament,Pubofemoral ligament,Ischiofemoral ligament,Ligamentum teres,A,High-yield point: Iliofemoral ligament.
4,Anatomy,Bones & joints,Which option best matches the following anatomy clue? The strongest ligament of the hip joint is the iliofemoral ligament.,Iliofemoral ligament,Pubofemoral ligament,Ischiofemoral ligament,Ligamentum teres,A,Answer: Iliofemoral ligament. Remember this association for NEET-PG/FMGE.
5,Anatomy,Bones & joints,Which of the following is correct? The anatomical neck of the humerus is closely related to the axillary nerve.,Axillary nerve,Radial nerve,Median nerve,Ulnar nerve,A,Correct answer: Axillary nerve. This is a high-yield anatomy fact.
6,Anatomy,Bones & joints,Which structure is associated with this statement: The anatomical neck of the humerus is closely related to the axillary nerve.,Axillary nerve,Radial nerve,Median nerve,Ulnar nerve,A,The structure is Axillary nerve.
7,Anatomy,Bones & joints,A medical student is asked in a viva: The anatomical neck of the humerus is closely related to the axillary nerve. Which option should be selected?,Axillary nerve,Radial nerve,Median nerve,Ulnar nerve,A,High-yield point: Axillary nerve.
8,Anatomy,Bones & joints,Which option best matches the following anatomy clue? The anatomical neck of the humerus is closely related to the axillary nerve.,Axillary nerve,Radial nerve,Median nerve,Ulnar nerve,A,Answer: Axillary nerve. Remember this association for NEET-PG/FMGE.
9,Anatomy,Bones & joints,Which of the following is correct? The surgical neck of the humerus is commonly associated with injury to the axillary nerve.,Axillary nerve,Musculocutaneous nerve,Ulnar nerve,Median nerve,A,Correct answer: Axillary nerve. This is a high-yield anatomy fact.
10,Anatomy,Bones & joints,Which structure is associated with this statement: The surgical neck of the humerus is commonly associated with injury to the axillary nerve.,Axillary nerve,Musculocutaneous nerve,Ulnar nerve,Median nerve,A,The structure is Axillary nerve.
11,Anatomy,Bones & joints,A medical student is asked in a viva: The surgical neck of the humerus is commonly associated with injury to the axillary nerve. Which option should be selected?,Axillary nerve,Musculocutaneous nerve,Ulnar nerve,Median nerve,A,High-yield point: Axillary nerve.
12,Anatomy,Bones & joints,Which option best matches the following anatomy clue? The surgical neck of the humerus is commonly associated with injury to the axillary nerve.,Axillary nerve,Musculocutaneous nerve,Ulnar nerve,Median nerve,A,Answer: Axillary nerve. Remember this association for NEET-PG/FMGE.
13,Anatomy,Bones & joints,Which of the following is correct? The nerve most vulnerable in a fracture of the shaft of the humerus is the radial nerve.,Radial nerve,Axillary nerve,Ulnar nerve,Median nerve,A,Correct answer: Radial nerve. This is a high-yield anatomy fact.
14,Anatomy,Bones & joints,Which structure is associated with this statement: The nerve most vulnerable in a fracture of the shaft of the humerus is the radial nerve.,Radial nerve,Axillary nerve,Ulnar nerve,Median nerve,A,The structure is Radial nerve.
15,Anatomy,Bones & joints,A medical student is asked in a viva: The nerve most vulnerable in a fracture of the shaft of the humerus is the radial nerve. Which option should be selected?,Radial nerve,Axillary nerve,Ulnar nerve,Median nerve,A,High-yield point: Radial nerve.
16,Anatomy,Bones & joints,Which option best matches the following anatomy clue? The nerve most vulnerable in a fracture of the shaft of the humerus is the radial nerve.,Radial nerve,Axillary nerve,Ulnar nerve,Median nerve,A,Answer: Radial nerve. Remember this association for NEET-PG/FMGE.
17,Anatomy,Bones & joints,Which of the following is correct? The medial epicondyle of the humerus is related to the ulnar nerve.,Ulnar nerve,Radial nerve,Median nerve,Musculocutaneous nerve,A,Correct answer: Ulnar nerve. This is a high-yield anatomy fact.
18,Anatomy,Bones & joints,Which structure is associated with this statement: The medial epicondyle of the humerus is related to the ulnar nerve.,Ulnar nerve,Radial nerve,Median nerve,Musculocutaneous nerve,A,The structure is Ulnar nerve.
19,Anatomy,Bones & joints,A medical student is asked in a viva: The medial epicondyle of the humerus is related to the ulnar nerve. Which option should be selected?,Ulnar nerve,Radial nerve,Median nerve,Musculocutaneous nerve,A,High-yield point: Ulnar nerve.
20,Anatomy,Bones & joints,Which option best matches the following anatomy clue? The medial epicondyle of the humerus is related to the ulnar nerve.,Ulnar nerve,Radial nerve,Median nerve,Musculocutaneous nerve,A,Answer: Ulnar nerve. Remember this association for NEET-PG/FMGE.
21,Anatomy,Bones & joints,Which of the following is correct? The anatomical snuffbox contains the radial artery.,Radial artery,Ulnar artery,Brachial artery,Anterior interosseous artery,A,Correct answer: Radial artery. This is a high-yield anatomy fact.
22,Anatomy,Bones & joints,Which structure is associated with this statement: The anatomical snuffbox contains the radial artery.,Radial artery,Ulnar artery,Brachial artery,Anterior interosseous artery,A,The structure is Radial artery.
23,Anatomy,Bones & joints,A medical student is asked in a viva: The anatomical snuffbox contains the radial artery. Which option should be selected?,Radial artery,Ulnar artery,Brachial artery,Anterior interosseous artery,A,High-yield point: Radial artery.
24,Anatomy,Bones & joints,Which option best matches the following anatomy clue? The anatomical snuffbox contains the radial artery.,Radial artery,Ulnar artery,Brachial artery,Anterior interosseous artery,A,Answer: Radial artery. Remember this association for NEET-PG/FMGE.
25,Anatomy,Bones & joints,Which of the following is correct? The scaphoid is the most commonly fractured carpal bone.,Scaphoid,Lunate,Triquetrum,Pisiform,A,Correct answer: Scaphoid. This is a high-yield anatomy fact.
26,Anatomy,Bones & joints,Which structure is associated with this statement: The scaphoid is the most commonly fractured carpal bone.,Scaphoid,Lunate,Triquetrum,Pisiform,A,The structure is Scaphoid.
27,Anatomy,Bones & joints,A medical student is asked in a viva: The scaphoid is the most commonly fractured carpal bone. Which option should be selected?,Scaphoid,Lunate,Triquetrum,Pisiform,A,High-yield point: Scaphoid.
28,Anatomy,Bones & joints,Which option best matches the following anatomy clue? The scaphoid is the most commonly fractured carpal bone.,Scaphoid,Lunate,Triquetrum,Pisiform,A,Answer: Scaphoid. Remember this association for NEET-PG/FMGE.
29,Anatomy,Bones & joints,Which of the following is correct? The lunate is the carpal bone most commonly dislocated.,Lunate,Scaphoid,Capitate,Trapezium,A,Correct answer: Lunate. This is a high-yield anatomy fact.
30,Anatomy,Bones & joints,Which structure is associated with this statement: The lunate is the carpal bone most commonly dislocated.,Lunate,Scaphoid,Capitate,Trapezium,A,The structure is Lunate.
31,Anatomy,Bones & joints,A medical student is asked in a viva: The lunate is the carpal bone most commonly dislocated. Which option should be selected?,Lunate,Scaphoid,Capitate,Trapezium,A,High-yield point: Lunate.
32,Anatomy,Bones & joints,Which option best matches the following anatomy clue? The lunate is the carpal bone most commonly dislocated.,Lunate,Scaphoid,Capitate,Trapezium,A,Answer: Lunate. Remember this association for NEET-PG/FMGE.
33,Anatomy,Bones & joints,Which of the following is correct? The longest bone in the human body is the femur.,Femur,Tibia,Humerus,Fibula,A,Correct answer: Femur. This is a high-yield anatomy fact.
34,Anatomy,Bones & joints,Which structure is associated with this statement: The longest bone in the human body is the femur.,Femur,Tibia,Humerus,Fibula,A,The structure is Femur.
35,Anatomy,Bones & joints,A medical student is asked in a viva: The longest bone in the human body is the femur. Which option should be selected?,Femur,Tibia,Humerus,Fibula,A,High-yield point: Femur.
36,Anatomy,Bones & joints,Which option best matches the following anatomy clue? The longest bone in the human body is the femur.,Femur,Tibia,Humerus,Fibula,A,Answer: Femur. Remember this association for NEET-PG/FMGE.
37,Anatomy,Bones & joints,Which of the following is correct? The medial meniscus is less mobile than the lateral meniscus because it is attached to the tibial collateral ligament.,Medial meniscus,Lateral meniscus,Patella,Cruciate ligament,A,Correct answer: Medial meniscus. This is a high-yield anatomy fact.
38,Anatomy,Bones & joints,Which structure is associated with this statement: The medial meniscus is less mobile than the lateral meniscus because it is attached to the tibial collateral ligament.,Medial meniscus,Lateral meniscus,Patella,Cruciate ligament,A,The structure is Medial meniscus.
39,Anatomy,Bones & joints,A medical student is asked in a viva: The medial meniscus is less mobile than the lateral meniscus because it is attached to the tibial collateral ligament. Which option should be selected?,Medial meniscus,Lateral meniscus,Patella,Cruciate ligament,A,High-yield point: Medial meniscus.
40,Anatomy,Bones & joints,Which option best matches the following anatomy clue? The medial meniscus is less mobile than the lateral meniscus because it is attached to the tibial collateral ligament.,Medial meniscus,Lateral meniscus,Patella,Cruciate ligament,A,Answer: Medial meniscus. Remember this association for NEET-PG/FMGE.
41,Anatomy,Bones & joints,Which of the following is correct? The anterior cruciate ligament prevents anterior displacement of the tibia relative to the femur.,Anterior cruciate ligament,Posterior cruciate ligament,Medial collateral ligament,Lateral collateral ligament,A,Correct answer: Anterior cruciate ligament. This is a high-yield anatomy fact.
42,Anatomy,Bones & joints,Which structure is associated with this statement: The anterior cruciate ligament prevents anterior displacement of the tibia relative to the femur.,Anterior cruciate ligament,Posterior cruciate ligament,Medial collateral ligament,Lateral collateral ligament,A,The structure is Anterior cruciate ligament.
43,Anatomy,Bones & joints,A medical student is asked in a viva: The anterior cruciate ligament prevents anterior displacement of the tibia relative to the femur. Which option should be selected?,Anterior cruciate ligament,Posterior cruciate ligament,Medial collateral ligament,Lateral collateral ligament,A,High-yield point: Anterior cruciate ligament.
44,Anatomy,Bones & joints,Which option best matches the following anatomy clue? The anterior cruciate ligament prevents anterior displacement of the tibia relative to the femur.,Anterior cruciate ligament,Posterior cruciate ligament,Medial collateral ligament,Lateral collateral ligament,A,Answer: Anterior cruciate ligament. Remember this association for NEET-PG/FMGE.
45,Anatomy,Bones & joints,Which of the following is correct? The posterior cruciate ligament prevents posterior displacement of the tibia relative to the femur.,Posterior cruciate ligament,Anterior cruciate ligament,Medial collateral ligament,Lateral collateral ligament,A,Correct answer: Posterior cruciate ligament. This is a high-yield anatomy fact.
46,Anatomy,Bones & joints,Which structure is associated with this statement: The posterior cruciate ligament prevents posterior displacement of the tibia relative to the femur.,Posterior cruciate ligament,Anterior cruciate ligament,Medial collateral ligament,Lateral collateral ligament,A,The structure is Posterior cruciate ligament.
47,Anatomy,Bones & joints,A medical student is asked in a viva: The posterior cruciate ligament prevents posterior displacement of the tibia relative to the femur. Which option should be selected?,Posterior cruciate ligament,Anterior cruciate ligament,Medial collateral ligament,Lateral collateral ligament,A,High-yield point: Posterior cruciate ligament.
48,Anatomy,Bones & joints,Which option best matches the following anatomy clue? The posterior cruciate ligament prevents posterior displacement of the tibia relative to the femur.,Posterior cruciate ligament,Anterior cruciate ligament,Medial collateral ligament,Lateral collateral ligament,A,Answer: Posterior cruciate ligament. Remember this association for NEET-PG/FMGE.
49,Anatomy,Bones & joints,Which of the following is correct? The ligament that prevents excessive eversion of the foot is the deltoid ligament.,Deltoid ligament,Calcaneofibular ligament,Anterior talofibular ligament,Posterior talofibular ligament,A,Correct answer: Deltoid ligament. This is a high-yield anatomy fact.
50,Anatomy,Bones & joints,Which structure is associated with this statement: The ligament that prevents excessive eversion of the foot is the deltoid ligament.,Deltoid ligament,Calcaneofibular ligament,Anterior talofibular ligament,Posterior talofibular ligament,A,The structure is Deltoid ligament.
51,Anatomy,Bones & joints,A medical student is asked in a viva: The ligament that prevents excessive eversion of the foot is the deltoid ligament. Which option should be selected?,Deltoid ligament,Calcaneofibular ligament,Anterior talofibular ligament,Posterior talofibular ligament,A,High-yield point: Deltoid ligament.
52,Anatomy,Bones & joints,Which option best matches the following anatomy clue? The ligament that prevents excessive eversion of the foot is the deltoid ligament.,Deltoid ligament,Calcaneofibular ligament,Anterior talofibular ligament,Posterior talofibular ligament,A,Answer: Deltoid ligament. Remember this association for NEET-PG/FMGE.
53,Anatomy,Bones & joints,Which of the following is correct? The most commonly fractured tarsal bone is the calcaneus.,Calcaneus,Talus,Navicular,Cuboid,A,Correct answer: Calcaneus. This is a high-yield anatomy fact.
54,Anatomy,Bones & joints,Which structure is associated with this statement: The most commonly fractured tarsal bone is the calcaneus.,Calcaneus,Talus,Navicular,Cuboid,A,The structure is Calcaneus.
55,Anatomy,Bones & joints,A medical student is asked in a viva: The most commonly fractured tarsal bone is the calcaneus. Which option should be selected?,Calcaneus,Talus,Navicular,Cuboid,A,High-yield point: Calcaneus.
56,Anatomy,Bones & joints,Which option best matches the following anatomy clue? The most commonly fractured tarsal bone is the calcaneus.,Calcaneus,Talus,Navicular,Cuboid,A,Answer: Calcaneus. Remember this association for NEET-PG/FMGE.
57,Anatomy,Bones & joints,Which of the following is correct? The talus is notable because it has no muscular attachments.,Talus,Calcaneus,Navicular,Cuboid,A,Correct answer: Talus. This is a high-yield anatomy fact.
58,Anatomy,Bones & joints,Which structure is associated with this statement: The talus is notable because it has no muscular attachments.,Talus,Calcaneus,Navicular,Cuboid,A,The structure is Talus.
59,Anatomy,Bones & joints,A medical student is asked in a viva: The talus is notable because it has no muscular attachments. Which option should be selected?,Talus,Calcaneus,Navicular,Cuboid,A,High-yield point: Talus.
60,Anatomy,Bones & joints,Which option best matches the following anatomy clue? The talus is notable because it has no muscular attachments.,Talus,Calcaneus,Navicular,Cuboid,A,Answer: Talus. Remember this association for NEET-PG/FMGE.
61,Anatomy,Upper limb,Which of the following is correct? The musculocutaneous nerve supplies the anterior compartment of the arm.,Musculocutaneous nerve,Radial nerve,Median nerve,Ulnar nerve,A,Correct answer: Musculocutaneous nerve. This is a high-yield anatomy fact.
62,Anatomy,Upper limb,Which structure is associated with this statement: The musculocutaneous nerve supplies the anterior compartment of the arm.,Musculocutaneous nerve,Radial nerve,Median nerve,Ulnar nerve,A,The structure is Musculocutaneous nerve.
63,Anatomy,Upper limb,A medical student is asked in a viva: The musculocutaneous nerve supplies the anterior compartment of the arm. Which option should be selected?,Musculocutaneous nerve,Radial nerve,Median nerve,Ulnar nerve,A,High-yield point: Musculocutaneous nerve.
64,Anatomy,Upper limb,Which option best matches the following anatomy clue? The musculocutaneous nerve supplies the anterior compartment of the arm.,Musculocutaneous nerve,Radial nerve,Median nerve,Ulnar nerve,A,Answer: Musculocutaneous nerve. Remember this association for NEET-PG/FMGE.
65,Anatomy,Upper limb,Which of the following is correct? The radial nerve supplies the posterior compartment of the arm.,Radial nerve,Median nerve,Ulnar nerve,Musculocutaneous nerve,A,Correct answer: Radial nerve. This is a high-yield anatomy fact.
66,Anatomy,Upper limb,Which structure is associated with this statement: The radial nerve supplies the posterior compartment of the arm.,Radial nerve,Median nerve,Ulnar nerve,Musculocutaneous nerve,A,The structure is Radial nerve.
67,Anatomy,Upper limb,A medical student is asked in a viva: The radial nerve supplies the posterior compartment of the arm. Which option should be selected?,Radial nerve,Median nerve,Ulnar nerve,Musculocutaneous nerve,A,High-yield point: Radial nerve.
68,Anatomy,Upper limb,Which option best matches the following anatomy clue? The radial nerve supplies the posterior compartment of the arm.,Radial nerve,Median nerve,Ulnar nerve,Musculocutaneous nerve,A,Answer: Radial nerve. Remember this association for NEET-PG/FMGE.
69,Anatomy,Upper limb,Which of the following is correct? The median nerve passes between the two heads of pronator teres.,Median nerve,Ulnar nerve,Radial nerve,Musculocutaneous nerve,A,Correct answer: Median nerve. This is a high-yield anatomy fact.
70,Anatomy,Upper limb,Which structure is associated with this statement: The median nerve passes between the two heads of pronator teres.,Median nerve,Ulnar nerve,Radial nerve,Musculocutaneous nerve,A,The structure is Median nerve.
71,Anatomy,Upper limb,A medical student is asked in a viva: The median nerve passes between the two heads of pronator teres. Which option should be selected?,Median nerve,Ulnar nerve,Radial nerve,Musculocutaneous nerve,A,High-yield point: Median nerve.
72,Anatomy,Upper limb,Which option best matches the following anatomy clue? The median nerve passes between the two heads of pronator teres.,Median nerve,Ulnar nerve,Radial nerve,Musculocutaneous nerve,A,Answer: Median nerve. Remember this association for NEET-PG/FMGE.
73,Anatomy,Upper limb,Which of the following is correct? The ulnar nerve passes behind the medial epicondyle of the humerus.,Ulnar nerve,Median nerve,Radial nerve,Axillary nerve,A,Correct answer: Ulnar nerve. This is a high-yield anatomy fact.
74,Anatomy,Upper limb,Which structure is associated with this statement: The ulnar nerve passes behind the medial epicondyle of the humerus.,Ulnar nerve,Median nerve,Radial nerve,Axillary nerve,A,The structure is Ulnar nerve.
75,Anatomy,Upper limb,A medical student is asked in a viva: The ulnar nerve passes behind the medial epicondyle of the humerus. Which option should be selected?,Ulnar nerve,Median nerve,Radial nerve,Axillary nerve,A,High-yield point: Ulnar nerve.
76,Anatomy,Upper limb,Which option best matches the following anatomy clue? The ulnar nerve passes behind the medial epicondyle of the humerus.,Ulnar nerve,Median nerve,Radial nerve,Axillary nerve,A,Answer: Ulnar nerve. Remember this association for NEET-PG/FMGE.
77,Anatomy,Upper limb,Which of the following is correct? The long thoracic nerve supplies serratus anterior.,Long thoracic nerve,Thoracodorsal nerve,Dorsal scapular nerve,Suprascapular nerve,A,Correct answer: Long thoracic nerve. This is a high-yield anatomy fact.
78,Anatomy,Upper limb,Which structure is associated with this statement: The long thoracic nerve supplies serratus anterior.,Long thoracic nerve,Thoracodorsal nerve,Dorsal scapular nerve,Suprascapular nerve,A,The structure is Long thoracic nerve.
79,Anatomy,Upper limb,A medical student is asked in a viva: The long thoracic nerve supplies serratus anterior. Which option should be selected?,Long thoracic nerve,Thoracodorsal nerve,Dorsal scapular nerve,Suprascapular nerve,A,High-yield point: Long thoracic nerve.
80,Anatomy,Upper limb,Which option best matches the following anatomy clue? The long thoracic nerve supplies serratus anterior.,Long thoracic nerve,Thoracodorsal nerve,Dorsal scapular nerve,Suprascapular nerve,A,Answer: Long thoracic nerve. Remember this association for NEET-PG/FMGE.
81,Anatomy,Upper limb,Which of the following is correct? The suprascapular nerve supplies supraspinatus and infraspinatus.,Suprascapular nerve,Axillary nerve,Dorsal scapular nerve,Long thoracic nerve,A,Correct answer: Suprascapular nerve. This is a high-yield anatomy fact.
82,Anatomy,Upper limb,Which structure is associated with this statement: The suprascapular nerve supplies supraspinatus and infraspinatus.,Suprascapular nerve,Axillary nerve,Dorsal scapular nerve,Long thoracic nerve,A,The structure is Suprascapular nerve.
83,Anatomy,Upper limb,A medical student is asked in a viva: The suprascapular nerve supplies supraspinatus and infraspinatus. Which option should be selected?,Suprascapular nerve,Axillary nerve,Dorsal scapular nerve,Long thoracic nerve,A,High-yield point: Suprascapular nerve.
84,Anatomy,Upper limb,Which option best matches the following anatomy clue? The suprascapular nerve supplies supraspinatus and infraspinatus.,Suprascapular nerve,Axillary nerve,Dorsal scapular nerve,Long thoracic nerve,A,Answer: Suprascapular nerve. Remember this association for NEET-PG/FMGE.
85,Anatomy,Upper limb,Which of the following is correct? The axillary nerve supplies deltoid and teres minor.,Axillary nerve,Radial nerve,Suprascapular nerve,Musculocutaneous nerve,A,Correct answer: Axillary nerve. This is a high-yield anatomy fact.
86,Anatomy,Upper limb,Which structure is associated with this statement: The axillary nerve supplies deltoid and teres minor.,Axillary nerve,Radial nerve,Suprascapular nerve,Musculocutaneous nerve,A,The structure is Axillary nerve.
87,Anatomy,Upper limb,A medical student is asked in a viva: The axillary nerve supplies deltoid and teres minor. Which option should be selected?,Axillary nerve,Radial nerve,Suprascapular nerve,Musculocutaneous nerve,A,High-yield point: Axillary nerve.
88,Anatomy,Upper limb,Which option best matches the following anatomy clue? The axillary nerve supplies deltoid and teres minor.,Axillary nerve,Radial nerve,Suprascapular nerve,Musculocutaneous nerve,A,Answer: Axillary nerve. Remember this association for NEET-PG/FMGE.
89,Anatomy,Upper limb,Which of the following is correct? The thoracodorsal nerve supplies latissimus dorsi.,Thoracodorsal nerve,Long thoracic nerve,Dorsal scapular nerve,Medial pectoral nerve,A,Correct answer: Thoracodorsal nerve. This is a high-yield anatomy fact.
90,Anatomy,Upper limb,Which structure is associated with this statement: The thoracodorsal nerve supplies latissimus dorsi.,Thoracodorsal nerve,Long thoracic nerve,Dorsal scapular nerve,Medial pectoral nerve,A,The structure is Thoracodorsal nerve.
91,Anatomy,Upper limb,A medical student is asked in a viva: The thoracodorsal nerve supplies latissimus dorsi. Which option should be selected?,Thoracodorsal nerve,Long thoracic nerve,Dorsal scapular nerve,Medial pectoral nerve,A,High-yield point: Thoracodorsal nerve.
92,Anatomy,Upper limb,Which option best matches the following anatomy clue? The thoracodorsal nerve supplies latissimus dorsi.,Thoracodorsal nerve,Long thoracic nerve,Dorsal scapular nerve,Medial pectoral nerve,A,Answer: Thoracodorsal nerve. Remember this association for NEET-PG/FMGE.
93,Anatomy,Upper limb,Which of the following is correct? The dorsal scapular nerve supplies rhomboids.,Dorsal scapular nerve,Suprascapular nerve,Axillary nerve,Thoracodorsal nerve,A,Correct answer: Dorsal scapular nerve. This is a high-yield anatomy fact.
94,Anatomy,Upper limb,Which structure is associated with this statement: The dorsal scapular nerve supplies rhomboids.,Dorsal scapular nerve,Suprascapular nerve,Axillary nerve,Thoracodorsal nerve,A,The structure is Dorsal scapular nerve.
95,Anatomy,Upper limb,A medical student is asked in a viva: The dorsal scapular nerve supplies rhomboids. Which option should be selected?,Dorsal scapular nerve,Suprascapular nerve,Axillary nerve,Thoracodorsal nerve,A,High-yield point: Dorsal scapular nerve.
96,Anatomy,Upper limb,Which option best matches the following anatomy clue? The dorsal scapular nerve supplies rhomboids.,Dorsal scapular nerve,Suprascapular nerve,Axillary nerve,Thoracodorsal nerve,A,Answer: Dorsal scapular nerve. Remember this association for NEET-PG/FMGE.
97,Anatomy,Upper limb,Which of the following is correct? The radial nerve enters the posterior compartment of the arm through the triangular interval.,Radial nerve,Median nerve,Ulnar nerve,Axillary nerve,A,Correct answer: Radial nerve. This is a high-yield anatomy fact.
98,Anatomy,Upper limb,Which structure is associated with this statement: The radial nerve enters the posterior compartment of the arm through the triangular interval.,Radial nerve,Median nerve,Ulnar nerve,Axillary nerve,A,The structure is Radial nerve.
99,Anatomy,Upper limb,A medical student is asked in a viva: The radial nerve enters the posterior compartment of the arm through the triangular interval. Which option should be selected?,Radial nerve,Median nerve,Ulnar nerve,Axillary nerve,A,High-yield point: Radial nerve.
100,Anatomy,Upper limb,Which option best matches the following anatomy clue? The radial nerve enters the posterior compartment of the arm through the triangular interval.,Radial nerve,Median nerve,Ulnar nerve,Axillary nerve,A,Answer: Radial nerve. Remember this association for NEET-PG/FMGE.
101,Anatomy,Upper limb,Which of the following is correct? The brachial artery terminates by dividing into radial and ulnar arteries in the cubital fossa.,Radial and ulnar arteries,Anterior and posterior interosseous arteries,Axillary and radial arteries,Ulnar and profunda brachii arteries,A,Correct answer: Radial and ulnar arteries. This is a high-yield anatomy fact.
102,Anatomy,Upper limb,Which structure is associated with this statement: The brachial artery terminates by dividing into radial and ulnar arteries in the cubital fossa.,Radial and ulnar arteries,Anterior and posterior interosseous arteries,Axillary and radial arteries,Ulnar and profunda brachii arteries,A,The structure is Radial and ulnar arteries.
103,Anatomy,Upper limb,A medical student is asked in a viva: The brachial artery terminates by dividing into radial and ulnar arteries in the cubital fossa. Which option should be selected?,Radial and ulnar arteries,Anterior and posterior interosseous arteries,Axillary and radial arteries,Ulnar and profunda brachii arteries,A,High-yield point: Radial and ulnar arteries.
104,Anatomy,Upper limb,Which option best matches the following anatomy clue? The brachial artery terminates by dividing into radial and ulnar arteries in the cubital fossa.,Radial and ulnar arteries,Anterior and posterior interosseous arteries,Axillary and radial arteries,Ulnar and profunda brachii arteries,A,Answer: Radial and ulnar arteries. Remember this association for NEET-PG/FMGE.
105,Anatomy,Upper limb,Which of the following is correct? The median nerve is the major nerve passing through the carpal tunnel.,Median nerve,Ulnar nerve,Radial nerve,Musculocutaneous nerve,A,Correct answer: Median nerve. This is a high-yield anatomy fact.
106,Anatomy,Upper limb,Which structure is associated with this statement: The median nerve is the major nerve passing through the carpal tunnel.,Median nerve,Ulnar nerve,Radial nerve,Musculocutaneous nerve,A,The structure is Median nerve.
107,Anatomy,Upper limb,A medical student is asked in a viva: The median nerve is the major nerve passing through the carpal tunnel. Which option should be selected?,Median nerve,Ulnar nerve,Radial nerve,Musculocutaneous nerve,A,High-yield point: Median nerve.
108,Anatomy,Upper limb,Which option best matches the following anatomy clue? The median nerve is the major nerve passing through the carpal tunnel.,Median nerve,Ulnar nerve,Radial nerve,Musculocutaneous nerve,A,Answer: Median nerve. Remember this association for NEET-PG/FMGE.
109,Anatomy,Upper limb,Which of the following is correct? The ulnar nerve passes superficial to the flexor retinaculum at the wrist.,Ulnar nerve,Median nerve,Radial nerve,Anterior interosseous nerve,A,Correct answer: Ulnar nerve. This is a high-yield anatomy fact.
110,Anatomy,Upper limb,Which structure is associated with this statement: The ulnar nerve passes superficial to the flexor retinaculum at the wrist.,Ulnar nerve,Median nerve,Radial nerve,Anterior interosseous nerve,A,The structure is Ulnar nerve.
111,Anatomy,Upper limb,A medical student is asked in a viva: The ulnar nerve passes superficial to the flexor retinaculum at the wrist. Which option should be selected?,Ulnar nerve,Median nerve,Radial nerve,Anterior interosseous nerve,A,High-yield point: Ulnar nerve.
112,Anatomy,Upper limb,Which option best matches the following anatomy clue? The ulnar nerve passes superficial to the flexor retinaculum at the wrist.,Ulnar nerve,Median nerve,Radial nerve,Anterior interosseous nerve,A,Answer: Ulnar nerve. Remember this association for NEET-PG/FMGE.
113,Anatomy,Upper limb,Which of the following is correct? The anatomical snuffbox is bounded anteriorly by abductor pollicis longus and extensor pollicis brevis.,Abductor pollicis longus and extensor pollicis brevis,Extensor pollicis longus and extensor indicis,Flexor pollicis longus and adductor pollicis,Opponens pollicis and abductor pollicis brevis,A,Correct answer: Abductor pollicis longus and extensor pollicis brevis. This is a high-yield anatomy fact.
114,Anatomy,Upper limb,Which structure is associated with this statement: The anatomical snuffbox is bounded anteriorly by abductor pollicis longus and extensor pollicis brevis.,Abductor pollicis longus and extensor pollicis brevis,Extensor pollicis longus and extensor indicis,Flexor pollicis longus and adductor pollicis,Opponens pollicis and abductor pollicis brevis,A,The structure is Abductor pollicis longus and extensor pollicis brevis.
115,Anatomy,Upper limb,A medical student is asked in a viva: The anatomical snuffbox is bounded anteriorly by abductor pollicis longus and extensor pollicis brevis. Which option should be selected?,Abductor pollicis longus and extensor pollicis brevis,Extensor pollicis longus and extensor indicis,Flexor pollicis longus and adductor pollicis,Opponens pollicis and abductor pollicis brevis,A,High-yield point: Abductor pollicis longus and extensor pollicis brevis.
116,Anatomy,Upper limb,Which option best matches the following anatomy clue? The anatomical snuffbox is bounded anteriorly by abductor pollicis longus and extensor pollicis brevis.,Abductor pollicis longus and extensor pollicis brevis,Extensor pollicis longus and extensor indicis,Flexor pollicis longus and adductor pollicis,Opponens pollicis and abductor pollicis brevis,A,Answer: Abductor pollicis longus and extensor pollicis brevis. Remember this association for NEET-PG/FMGE.
117,Anatomy,Lower limb,Which of the following is correct? The femoral nerve supplies the anterior compartment of the thigh.,Femoral nerve,Obturator nerve,Sciatic nerve,Tibial nerve,A,Correct answer: Femoral nerve. This is a high-yield anatomy fact.
118,Anatomy,Lower limb,Which structure is associated with this statement: The femoral nerve supplies the anterior compartment of the thigh.,Femoral nerve,Obturator nerve,Sciatic nerve,Tibial nerve,A,The structure is Femoral nerve.
119,Anatomy,Lower limb,A medical student is asked in a viva: The femoral nerve supplies the anterior compartment of the thigh. Which option should be selected?,Femoral nerve,Obturator nerve,Sciatic nerve,Tibial nerve,A,High-yield point: Femoral nerve.
120,Anatomy,Lower limb,Which option best matches the following anatomy clue? The femoral nerve supplies the anterior compartment of the thigh.,Femoral nerve,Obturator nerve,Sciatic nerve,Tibial nerve,A,Answer: Femoral nerve. Remember this association for NEET-PG/FMGE.
121,Anatomy,Lower limb,Which of the following is correct? The obturator nerve supplies most muscles of the medial compartment of the thigh.,Obturator nerve,Femoral nerve,Sciatic nerve,Common fibular nerve,A,Correct answer: Obturator nerve. This is a high-yield anatomy fact.
122,Anatomy,Lower limb,Which structure is associated with this statement: The obturator nerve supplies most muscles of the medial compartment of the thigh.,Obturator nerve,Femoral nerve,Sciatic nerve,Common fibular nerve,A,The structure is Obturator nerve.
123,Anatomy,Lower limb,A medical student is asked in a viva: The obturator nerve supplies most muscles of the medial compartment of the thigh. Which option should be selected?,Obturator nerve,Femoral nerve,Sciatic nerve,Common fibular nerve,A,High-yield point: Obturator nerve.
124,Anatomy,Lower limb,Which option best matches the following anatomy clue? The obturator nerve supplies most muscles of the medial compartment of the thigh.,Obturator nerve,Femoral nerve,Sciatic nerve,Common fibular nerve,A,Answer: Obturator nerve. Remember this association for NEET-PG/FMGE.
125,Anatomy,Lower limb,Which of the following is correct? The sciatic nerve is the largest peripheral nerve in the body.,Sciatic nerve,Femoral nerve,Obturator nerve,Tibial nerve,A,Correct answer: Sciatic nerve. This is a high-yield anatomy fact.
126,Anatomy,Lower limb,Which structure is associated with this statement: The sciatic nerve is the largest peripheral nerve in the body.,Sciatic nerve,Femoral nerve,Obturator nerve,Tibial nerve,A,The structure is Sciatic nerve.
127,Anatomy,Lower limb,A medical student is asked in a viva: The sciatic nerve is the largest peripheral nerve in the body. Which option should be selected?,Sciatic nerve,Femoral nerve,Obturator nerve,Tibial nerve,A,High-yield point: Sciatic nerve.
128,Anatomy,Lower limb,Which option best matches the following anatomy clue? The sciatic nerve is the largest peripheral nerve in the body.,Sciatic nerve,Femoral nerve,Obturator nerve,Tibial nerve,A,Answer: Sciatic nerve. Remember this association for NEET-PG/FMGE.
129,Anatomy,Lower limb,Which of the following is correct? The common fibular nerve winds around the neck of the fibula.,Common fibular nerve,Tibial nerve,Femoral nerve,Obturator nerve,A,Correct answer: Common fibular nerve. This is a high-yield anatomy fact.
130,Anatomy,Lower limb,Which structure is associated with this statement: The common fibular nerve winds around the neck of the fibula.,Common fibular nerve,Tibial nerve,Femoral nerve,Obturator nerve,A,The structure is Common fibular nerve.
131,Anatomy,Lower limb,A medical student is asked in a viva: The common fibular nerve winds around the neck of the fibula. Which option should be selected?,Common fibular nerve,Tibial nerve,Femoral nerve,Obturator nerve,A,High-yield point: Common fibular nerve.
132,Anatomy,Lower limb,Which option best matches the following anatomy clue? The common fibular nerve winds around the neck of the fibula.,Common fibular nerve,Tibial nerve,Femoral nerve,Obturator nerve,A,Answer: Common fibular nerve. Remember this association for NEET-PG/FMGE.
133,Anatomy,Lower limb,Which of the following is correct? The deep fibular nerve supplies the anterior compartment of the leg.,Deep fibular nerve,Superficial fibular nerve,Tibial nerve,Sural nerve,A,Correct answer: Deep fibular nerve. This is a high-yield anatomy fact.
134,Anatomy,Lower limb,Which structure is associated with this statement: The deep fibular nerve supplies the anterior compartment of the leg.,Deep fibular nerve,Superficial fibular nerve,Tibial nerve,Sural nerve,A,The structure is Deep fibular nerve.
135,Anatomy,Lower limb,A medical student is asked in a viva: The deep fibular nerve supplies the anterior compartment of the leg. Which option should be selected?,Deep fibular nerve,Superficial fibular nerve,Tibial nerve,Sural nerve,A,High-yield point: Deep fibular nerve.
136,Anatomy,Lower limb,Which option best matches the following anatomy clue? The deep fibular nerve supplies the anterior compartment of the leg.,Deep fibular nerve,Superficial fibular nerve,Tibial nerve,Sural nerve,A,Answer: Deep fibular nerve. Remember this association for NEET-PG/FMGE.
137,Anatomy,Lower limb,Which of the following is correct? The superficial fibular nerve supplies the lateral compartment of the leg.,Superficial fibular nerve,Deep fibular nerve,Tibial nerve,Femoral nerve,A,Correct answer: Superficial fibular nerve. This is a high-yield anatomy fact.
138,Anatomy,Lower limb,Which structure is associated with this statement: The superficial fibular nerve supplies the lateral compartment of the leg.,Superficial fibular nerve,Deep fibular nerve,Tibial nerve,Femoral nerve,A,The structure is Superficial fibular nerve.
139,Anatomy,Lower limb,A medical student is asked in a viva: The superficial fibular nerve supplies the lateral compartment of the leg. Which option should be selected?,Superficial fibular nerve,Deep fibular nerve,Tibial nerve,Femoral nerve,A,High-yield point: Superficial fibular nerve.
140,Anatomy,Lower limb,Which option best matches the following anatomy clue? The superficial fibular nerve supplies the lateral compartment of the leg.,Superficial fibular nerve,Deep fibular nerve,Tibial nerve,Femoral nerve,A,Answer: Superficial fibular nerve. Remember this association for NEET-PG/FMGE.
141,Anatomy,Lower limb,Which of the following is correct? The tibial nerve supplies the posterior compartment of the leg.,Tibial nerve,Common fibular nerve,Deep fibular nerve,Femoral nerve,A,Correct answer: Tibial nerve. This is a high-yield anatomy fact.
142,Anatomy,Lower limb,Which structure is associated with this statement: The tibial nerve supplies the posterior compartment of the leg.,Tibial nerve,Common fibular nerve,Deep fibular nerve,Femoral nerve,A,The structure is Tibial nerve.
143,Anatomy,Lower limb,A medical student is asked in a viva: The tibial nerve supplies the posterior compartment of the leg. Which option should be selected?,Tibial nerve,Common fibular nerve,Deep fibular nerve,Femoral nerve,A,High-yield point: Tibial nerve.
144,Anatomy,Lower limb,Which option best matches the following anatomy clue? The tibial nerve supplies the posterior compartment of the leg.,Tibial nerve,Common fibular nerve,Deep fibular nerve,Femoral nerve,A,Answer: Tibial nerve. Remember this association for NEET-PG/FMGE.
145,Anatomy,Lower limb,Which of the following is correct? The great saphenous vein passes anterior to the medial malleolus.,Great saphenous vein,Small saphenous vein,Femoral vein,Popliteal vein,A,Correct answer: Great saphenous vein. This is a high-yield anatomy fact.
146,Anatomy,Lower limb,Which structure is associated with this statement: The great saphenous vein passes anterior to the medial malleolus.,Great saphenous vein,Small saphenous vein,Femoral vein,Popliteal vein,A,The structure is Great saphenous vein.
147,Anatomy,Lower limb,A medical student is asked in a viva: The great saphenous vein passes anterior to the medial malleolus. Which option should be selected?,Great saphenous vein,Small saphenous vein,Femoral vein,Popliteal vein,A,High-yield point: Great saphenous vein.
148,Anatomy,Lower limb,Which option best matches the following anatomy clue? The great saphenous vein passes anterior to the medial malleolus.,Great saphenous vein,Small saphenous vein,Femoral vein,Popliteal vein,A,Answer: Great saphenous vein. Remember this association for NEET-PG/FMGE.
149,Anatomy,Lower limb,Which of the following is correct? The small saphenous vein passes posterior to the lateral malleolus.,Small saphenous vein,Great saphenous vein,Femoral vein,Anterior tibial vein,A,Correct answer: Small saphenous vein. This is a high-yield anatomy fact.
150,Anatomy,Lower limb,Which structure is associated with this statement: The small saphenous vein passes posterior to the lateral malleolus.,Small saphenous vein,Great saphenous vein,Femoral vein,Anterior tibial vein,A,The structure is Small saphenous vein.
151,Anatomy,Lower limb,A medical student is asked in a viva: The small saphenous vein passes posterior to the lateral malleolus. Which option should be selected?,Small saphenous vein,Great saphenous vein,Femoral vein,Anterior tibial vein,A,High-yield point: Small saphenous vein.
152,Anatomy,Lower limb,Which option best matches the following anatomy clue? The small saphenous vein passes posterior to the lateral malleolus.,Small saphenous vein,Great saphenous vein,Femoral vein,Anterior tibial vein,A,Answer: Small saphenous vein. Remember this association for NEET-PG/FMGE.
153,Anatomy,Lower limb,Which of the following is correct? The femoral artery passes through the adductor hiatus to become the popliteal artery.,Femoral artery,Deep femoral artery,Obturator artery,External iliac artery,A,Correct answer: Femoral artery. This is a high-yield anatomy fact.
154,Anatomy,Lower limb,Which structure is associated with this statement: The femoral artery passes through the adductor hiatus to become the popliteal artery.,Femoral artery,Deep femoral artery,Obturator artery,External iliac artery,A,The structure is Femoral artery.
155,Anatomy,Lower limb,A medical student is asked in a viva: The femoral artery passes through the adductor hiatus to become the popliteal artery. Which option should be selected?,Femoral artery,Deep femoral artery,Obturator artery,External iliac artery,A,High-yield point: Femoral artery.
156,Anatomy,Lower limb,Which option best matches the following anatomy clue? The femoral artery passes through the adductor hiatus to become the popliteal artery.,Femoral artery,Deep femoral artery,Obturator artery,External iliac artery,A,Answer: Femoral artery. Remember this association for NEET-PG/FMGE.
157,Anatomy,Lower limb,Which of the following is correct? The dorsalis pedis artery is the continuation of the anterior tibial artery.,Anterior tibial artery,Posterior tibial artery,Fibular artery,Popliteal artery,A,Correct answer: Anterior tibial artery. This is a high-yield anatomy fact.
158,Anatomy,Lower limb,Which structure is associated with this statement: The dorsalis pedis artery is the continuation of the anterior tibial artery.,Anterior tibial artery,Posterior tibial artery,Fibular artery,Popliteal artery,A,The structure is Anterior tibial artery.
159,Anatomy,Lower limb,A medical student is asked in a viva: The dorsalis pedis artery is the continuation of the anterior tibial artery. Which option should be selected?,Anterior tibial artery,Posterior tibial artery,Fibular artery,Popliteal artery,A,High-yield point: Anterior tibial artery.
160,Anatomy,Lower limb,Which option best matches the following anatomy clue? The dorsalis pedis artery is the continuation of the anterior tibial artery.,Anterior tibial artery,Posterior tibial artery,Fibular artery,Popliteal artery,A,Answer: Anterior tibial artery. Remember this association for NEET-PG/FMGE.
161,Anatomy,Lower limb,Which of the following is correct? The posterior tibial artery passes posterior to the medial malleolus.,Posterior tibial artery,Anterior tibial artery,Fibular artery,Dorsalis pedis artery,A,Correct answer: Posterior tibial artery. This is a high-yield anatomy fact.
162,Anatomy,Lower limb,Which structure is associated with this statement: The posterior tibial artery passes posterior to the medial malleolus.,Posterior tibial artery,Anterior tibial artery,Fibular artery,Dorsalis pedis artery,A,The structure is Posterior tibial artery.
163,Anatomy,Lower limb,A medical student is asked in a viva: The posterior tibial artery passes posterior to the medial malleolus. Which option should be selected?,Posterior tibial artery,Anterior tibial artery,Fibular artery,Dorsalis pedis artery,A,High-yield point: Posterior tibial artery.
164,Anatomy,Lower limb,Which option best matches the following anatomy clue? The posterior tibial artery passes posterior to the medial malleolus.,Posterior tibial artery,Anterior tibial artery,Fibular artery,Dorsalis pedis artery,A,Answer: Posterior tibial artery. Remember this association for NEET-PG/FMGE.
165,Anatomy,Thorax,Which of the following is correct? The phrenic nerve supplies motor innervation to the diaphragm.,Phrenic nerve,Vagus nerve,Intercostal nerve,Sympathetic trunk,A,Correct answer: Phrenic nerve. This is a high-yield anatomy fact.
166,Anatomy,Thorax,Which structure is associated with this statement: The phrenic nerve supplies motor innervation to the diaphragm.,Phrenic nerve,Vagus nerve,Intercostal nerve,Sympathetic trunk,A,The structure is Phrenic nerve.
167,Anatomy,Thorax,A medical student is asked in a viva: The phrenic nerve supplies motor innervation to the diaphragm. Which option should be selected?,Phrenic nerve,Vagus nerve,Intercostal nerve,Sympathetic trunk,A,High-yield point: Phrenic nerve.
168,Anatomy,Thorax,Which option best matches the following anatomy clue? The phrenic nerve supplies motor innervation to the diaphragm.,Phrenic nerve,Vagus nerve,Intercostal nerve,Sympathetic trunk,A,Answer: Phrenic nerve. Remember this association for NEET-PG/FMGE.
169,Anatomy,Thorax,Which of the following is correct? The phrenic nerve arises mainly from C3–C5 spinal roots.,C3–C5,C1–C3,C5–C7,T1–T3,A,Correct answer: C3–C5. This is a high-yield anatomy fact.
170,Anatomy,Thorax,Which structure is associated with this statement: The phrenic nerve arises mainly from C3–C5 spinal roots.,C3–C5,C1–C3,C5–C7,T1–T3,A,The structure is C3–C5.
171,Anatomy,Thorax,A medical student is asked in a viva: The phrenic nerve arises mainly from C3–C5 spinal roots. Which option should be selected?,C3–C5,C1–C3,C5–C7,T1–T3,A,High-yield point: C3–C5.
172,Anatomy,Thorax,Which option best matches the following anatomy clue? The phrenic nerve arises mainly from C3–C5 spinal roots.,C3–C5,C1–C3,C5–C7,T1–T3,A,Answer: C3–C5. Remember this association for NEET-PG/FMGE.
173,Anatomy,Thorax,Which of the following is correct? The intercostal neurovascular bundle lies in the costal groove between the internal and innermost intercostal muscles.,Between internal and innermost intercostal muscles,Between external and internal intercostal muscles,Between pleura and endothoracic fascia,Within the external intercostal muscle,A,Correct answer: Between internal and innermost intercostal muscles. This is a high-yield anatomy fact.
174,Anatomy,Thorax,Which structure is associated with this statement: The intercostal neurovascular bundle lies in the costal groove between the internal and innermost intercostal muscles.,Between internal and innermost intercostal muscles,Between external and internal intercostal muscles,Between pleura and endothoracic fascia,Within the external intercostal muscle,A,The structure is Between internal and innermost intercostal muscles.
175,Anatomy,Thorax,A medical student is asked in a viva: The intercostal neurovascular bundle lies in the costal groove between the internal and innermost intercostal muscles. Which option should be selected?,Between internal and innermost intercostal muscles,Between external and internal intercostal muscles,Between pleura and endothoracic fascia,Within the external intercostal muscle,A,High-yield point: Between internal and innermost intercostal muscles.
176,Anatomy,Thorax,Which option best matches the following anatomy clue? The intercostal neurovascular bundle lies in the costal groove between the internal and innermost intercostal muscles.,Between internal and innermost intercostal muscles,Between external and internal intercostal muscles,Between pleura and endothoracic fascia,Within the external intercostal muscle,A,Answer: Between internal and innermost intercostal muscles. Remember this association for NEET-PG/FMGE.
177,Anatomy,Thorax,Which of the following is correct? The main motor nerve of the diaphragm is the phrenic nerve.,Phrenic nerve,Vagus nerve,Intercostal nerves,Sympathetic nerves,A,Correct answer: Phrenic nerve. This is a high-yield anatomy fact.
178,Anatomy,Thorax,Which structure is associated with this statement: The main motor nerve of the diaphragm is the phrenic nerve.,Phrenic nerve,Vagus nerve,Intercostal nerves,Sympathetic nerves,A,The structure is Phrenic nerve.
179,Anatomy,Thorax,A medical student is asked in a viva: The main motor nerve of the diaphragm is the phrenic nerve. Which option should be selected?,Phrenic nerve,Vagus nerve,Intercostal nerves,Sympathetic nerves,A,High-yield point: Phrenic nerve.
180,Anatomy,Thorax,Which option best matches the following anatomy clue? The main motor nerve of the diaphragm is the phrenic nerve.,Phrenic nerve,Vagus nerve,Intercostal nerves,Sympathetic nerves,A,Answer: Phrenic nerve. Remember this association for NEET-PG/FMGE.
181,Anatomy,Thorax,Which of the following is correct? The right lung has three lobes.,Three lobes,Two lobes,Four lobes,One lobe,A,Correct answer: Three lobes. This is a high-yield anatomy fact.
182,Anatomy,Thorax,Which structure is associated with this statement: The right lung has three lobes.,Three lobes,Two lobes,Four lobes,One lobe,A,The structure is Three lobes.
183,Anatomy,Thorax,A medical student is asked in a viva: The right lung has three lobes. Which option should be selected?,Three lobes,Two lobes,Four lobes,One lobe,A,High-yield point: Three lobes.
184,Anatomy,Thorax,Which option best matches the following anatomy clue? The right lung has three lobes.,Three lobes,Two lobes,Four lobes,One lobe,A,Answer: Three lobes. Remember this association for NEET-PG/FMGE.
185,Anatomy,Thorax,Which of the following is correct? The left lung has two lobes.,Two lobes,Three lobes,Four lobes,One lobe,A,Correct answer: Two lobes. This is a high-yield anatomy fact.
186,Anatomy,Thorax,Which structure is associated with this statement: The left lung has two lobes.,Two lobes,Three lobes,Four lobes,One lobe,A,The structure is Two lobes.
187,Anatomy,Thorax,A medical student is asked in a viva: The left lung has two lobes. Which option should be selected?,Two lobes,Three lobes,Four lobes,One lobe,A,High-yield point: Two lobes.
188,Anatomy,Thorax,Which option best matches the following anatomy clue? The left lung has two lobes.,Two lobes,Three lobes,Four lobes,One lobe,A,Answer: Two lobes. Remember this association for NEET-PG/FMGE.
189,Anatomy,Thorax,Which of the following is correct? The horizontal fissure is present in the right lung.,Right lung,Left lung,Both lungs,Neither lung,A,Correct answer: Right lung. This is a high-yield anatomy fact.
190,Anatomy,Thorax,Which structure is associated with this statement: The horizontal fissure is present in the right lung.,Right lung,Left lung,Both lungs,Neither lung,A,The structure is Right lung.
191,Anatomy,Thorax,A medical student is asked in a viva: The horizontal fissure is present in the right lung. Which option should be selected?,Right lung,Left lung,Both lungs,Neither lung,A,High-yield point: Right lung.
192,Anatomy,Thorax,Which option best matches the following anatomy clue? The horizontal fissure is present in the right lung.,Right lung,Left lung,Both lungs,Neither lung,A,Answer: Right lung. Remember this association for NEET-PG/FMGE.
193,Anatomy,Thorax,Which of the following is correct? The cardiac notch is a feature of the left lung.,Left lung,Right lung,Both lungs,Neither lung,A,Correct answer: Left lung. This is a high-yield anatomy fact.
194,Anatomy,Thorax,Which structure is associated with this statement: The cardiac notch is a feature of the left lung.,Left lung,Right lung,Both lungs,Neither lung,A,The structure is Left lung.
195,Anatomy,Thorax,A medical student is asked in a viva: The cardiac notch is a feature of the left lung. Which option should be selected?,Left lung,Right lung,Both lungs,Neither lung,A,High-yield point: Left lung.
196,Anatomy,Thorax,Which option best matches the following anatomy clue? The cardiac notch is a feature of the left lung.,Left lung,Right lung,Both lungs,Neither lung,A,Answer: Left lung. Remember this association for NEET-PG/FMGE.
197,Anatomy,Thorax,Which of the following is correct? The internal thoracic artery is a branch of the subclavian artery.,Subclavian artery,Axillary artery,Brachiocephalic trunk,Common carotid artery,A,Correct answer: Subclavian artery. This is a high-yield anatomy fact.
198,Anatomy,Thorax,Which structure is associated with this statement: The internal thoracic artery is a branch of the subclavian artery.,Subclavian artery,Axillary artery,Brachiocephalic trunk,Common carotid artery,A,The structure is Subclavian artery.
199,Anatomy,Thorax,A medical student is asked in a viva: The internal thoracic artery is a branch of the subclavian artery. Which option should be selected?,Subclavian artery,Axillary artery,Brachiocephalic trunk,Common carotid artery,A,High-yield point: Subclavian artery.
200,Anatomy,Thorax,Which option best matches the following anatomy clue? The internal thoracic artery is a branch of the subclavian artery.,Subclavian artery,Axillary artery,Brachiocephalic trunk,Common carotid artery,A,Answer: Subclavian artery. Remember this association for NEET-PG/FMGE.
201,Anatomy,Thorax,Which of the following is correct? The thoracic duct drains most of the body except the right upper quadrant.,Most of the body except right upper quadrant,Only the lower limbs,Only the left upper limb,Only the thorax,A,Correct answer: Most of the body except right upper quadrant. This is a high-yield anatomy fact.
202,Anatomy,Thorax,Which structure is associated with this statement: The thoracic duct drains most of the body except the right upper quadrant.,Most of the body except right upper quadrant,Only the lower limbs,Only the left upper limb,Only the thorax,A,The structure is Most of the body except right upper quadrant.
203,Anatomy,Thorax,A medical student is asked in a viva: The thoracic duct drains most of the body except the right upper quadrant. Which option should be selected?,Most of the body except right upper quadrant,Only the lower limbs,Only the left upper limb,Only the thorax,A,High-yield point: Most of the body except right upper quadrant.
204,Anatomy,Thorax,Which option best matches the following anatomy clue? The thoracic duct drains most of the body except the right upper quadrant.,Most of the body except right upper quadrant,Only the lower limbs,Only the left upper limb,Only the thorax,A,Answer: Most of the body except right upper quadrant. Remember this association for NEET-PG/FMGE.
205,Anatomy,Thorax,Which of the following is correct? The azygos vein arches over the root of the right lung before entering the superior vena cava.,Azygos vein,Hemiazygos vein,Inferior vena cava,Internal thoracic vein,A,Correct answer: Azygos vein. This is a high-yield anatomy fact.
206,Anatomy,Thorax,Which structure is associated with this statement: The azygos vein arches over the root of the right lung before entering the superior vena cava.,Azygos vein,Hemiazygos vein,Inferior vena cava,Internal thoracic vein,A,The structure is Azygos vein.
207,Anatomy,Thorax,A medical student is asked in a viva: The azygos vein arches over the root of the right lung before entering the superior vena cava. Which option should be selected?,Azygos vein,Hemiazygos vein,Inferior vena cava,Internal thoracic vein,A,High-yield point: Azygos vein.
208,Anatomy,Thorax,Which option best matches the following anatomy clue? The azygos vein arches over the root of the right lung before entering the superior vena cava.,Azygos vein,Hemiazygos vein,Inferior vena cava,Internal thoracic vein,A,Answer: Azygos vein. Remember this association for NEET-PG/FMGE.
209,Anatomy,Thorax,Which of the following is correct? The left recurrent laryngeal nerve loops under the arch of the aorta.,Left recurrent laryngeal nerve,Right recurrent laryngeal nerve,Phrenic nerve,Vagus nerve,A,Correct answer: Left recurrent laryngeal nerve. This is a high-yield anatomy fact.
210,Anatomy,Thorax,Which structure is associated with this statement: The left recurrent laryngeal nerve loops under the arch of the aorta.,Left recurrent laryngeal nerve,Right recurrent laryngeal nerve,Phrenic nerve,Vagus nerve,A,The structure is Left recurrent laryngeal nerve.
211,Anatomy,Thorax,A medical student is asked in a viva: The left recurrent laryngeal nerve loops under the arch of the aorta. Which option should be selected?,Left recurrent laryngeal nerve,Right recurrent laryngeal nerve,Phrenic nerve,Vagus nerve,A,High-yield point: Left recurrent laryngeal nerve.
212,Anatomy,Thorax,Which option best matches the following anatomy clue? The left recurrent laryngeal nerve loops under the arch of the aorta.,Left recurrent laryngeal nerve,Right recurrent laryngeal nerve,Phrenic nerve,Vagus nerve,A,Answer: Left recurrent laryngeal nerve. Remember this association for NEET-PG/FMGE.
213,Anatomy,Thorax,Which of the following is correct? The right recurrent laryngeal nerve loops around the right subclavian artery.,Right recurrent laryngeal nerve,Left recurrent laryngeal nerve,Phrenic nerve,Sympathetic trunk,A,Correct answer: Right recurrent laryngeal nerve. This is a high-yield anatomy fact.
214,Anatomy,Thorax,Which structure is associated with this statement: The right recurrent laryngeal nerve loops around the right subclavian artery.,Right recurrent laryngeal nerve,Left recurrent laryngeal nerve,Phrenic nerve,Sympathetic trunk,A,The structure is Right recurrent laryngeal nerve.
215,Anatomy,Thorax,A medical student is asked in a viva: The right recurrent laryngeal nerve loops around the right subclavian artery. Which option should be selected?,Right recurrent laryngeal nerve,Left recurrent laryngeal nerve,Phrenic nerve,Sympathetic trunk,A,High-yield point: Right recurrent laryngeal nerve.
216,Anatomy,Thorax,Which option best matches the following anatomy clue? The right recurrent laryngeal nerve loops around the right subclavian artery.,Right recurrent laryngeal nerve,Left recurrent laryngeal nerve,Phrenic nerve,Sympathetic trunk,A,Answer: Right recurrent laryngeal nerve. Remember this association for NEET-PG/FMGE.
217,Anatomy,Thorax,Which of the following is correct? The esophagus passes through the diaphragm at approximately T10.,T10,T8,T12,L1,A,Correct answer: T10. This is a high-yield anatomy fact.
218,Anatomy,Thorax,Which structure is associated with this statement: The esophagus passes through the diaphragm at approximately T10.,T10,T8,T12,L1,A,The structure is T10.
219,Anatomy,Thorax,A medical student is asked in a viva: The esophagus passes through the diaphragm at approximately T10. Which option should be selected?,T10,T8,T12,L1,A,High-yield point: T10.
220,Anatomy,Thorax,Which option best matches the following anatomy clue? The esophagus passes through the diaphragm at approximately T10.,T10,T8,T12,L1,A,Answer: T10. Remember this association for NEET-PG/FMGE.
221,Anatomy,Thorax,Which of the following is correct? The inferior vena cava passes through the diaphragm at approximately T8.,T8,T10,T12,L1,A,Correct answer: T8. This is a high-yield anatomy fact.
222,Anatomy,Thorax,Which structure is associated with this statement: The inferior vena cava passes through the diaphragm at approximately T8.,T8,T10,T12,L1,A,The structure is T8.
223,Anatomy,Thorax,A medical student is asked in a viva: The inferior vena cava passes through the diaphragm at approximately T8. Which option should be selected?,T8,T10,T12,L1,A,High-yield point: T8.
224,Anatomy,Thorax,Which option best matches the following anatomy clue? The inferior vena cava passes through the diaphragm at approximately T8.,T8,T10,T12,L1,A,Answer: T8. Remember this association for NEET-PG/FMGE.
225,Anatomy,Thorax,Which of the following is correct? The aorta passes through the diaphragm at approximately T12.,T12,T8,T10,L2,A,Correct answer: T12. This is a high-yield anatomy fact.
226,Anatomy,Thorax,Which structure is associated with this statement: The aorta passes through the diaphragm at approximately T12.,T12,T8,T10,L2,A,The structure is T12.
227,Anatomy,Thorax,A medical student is asked in a viva: The aorta passes through the diaphragm at approximately T12. Which option should be selected?,T12,T8,T10,L2,A,High-yield point: T12.
228,Anatomy,Thorax,Which option best matches the following anatomy clue? The aorta passes through the diaphragm at approximately T12.,T12,T8,T10,L2,A,Answer: T12. Remember this association for NEET-PG/FMGE.
229,Anatomy,Abdomen,Which of the following is correct? The celiac trunk supplies foregut derivatives.,Celiac trunk,Superior mesenteric artery,Inferior mesenteric artery,Renal artery,A,Correct answer: Celiac trunk. This is a high-yield anatomy fact.
230,Anatomy,Abdomen,Which structure is associated with this statement: The celiac trunk supplies foregut derivatives.,Celiac trunk,Superior mesenteric artery,Inferior mesenteric artery,Renal artery,A,The structure is Celiac trunk.
231,Anatomy,Abdomen,A medical student is asked in a viva: The celiac trunk supplies foregut derivatives. Which option should be selected?,Celiac trunk,Superior mesenteric artery,Inferior mesenteric artery,Renal artery,A,High-yield point: Celiac trunk.
232,Anatomy,Abdomen,Which option best matches the following anatomy clue? The celiac trunk supplies foregut derivatives.,Celiac trunk,Superior mesenteric artery,Inferior mesenteric artery,Renal artery,A,Answer: Celiac trunk. Remember this association for NEET-PG/FMGE.
233,Anatomy,Abdomen,Which of the following is correct? The superior mesenteric artery supplies midgut derivatives.,Superior mesenteric artery,Celiac trunk,Inferior mesenteric artery,Gonadal artery,A,Correct answer: Superior mesenteric artery. This is a high-yield anatomy fact.
234,Anatomy,Abdomen,Which structure is associated with this statement: The superior mesenteric artery supplies midgut derivatives.,Superior mesenteric artery,Celiac trunk,Inferior mesenteric artery,Gonadal artery,A,The structure is Superior mesenteric artery.
235,Anatomy,Abdomen,A medical student is asked in a viva: The superior mesenteric artery supplies midgut derivatives. Which option should be selected?,Superior mesenteric artery,Celiac trunk,Inferior mesenteric artery,Gonadal artery,A,High-yield point: Superior mesenteric artery.
236,Anatomy,Abdomen,Which option best matches the following anatomy clue? The superior mesenteric artery supplies midgut derivatives.,Superior mesenteric artery,Celiac trunk,Inferior mesenteric artery,Gonadal artery,A,Answer: Superior mesenteric artery. Remember this association for NEET-PG/FMGE.
237,Anatomy,Abdomen,Which of the following is correct? The inferior mesenteric artery supplies hindgut derivatives.,Inferior mesenteric artery,Superior mesenteric artery,Celiac trunk,Renal artery,A,Correct answer: Inferior mesenteric artery. This is a high-yield anatomy fact.
238,Anatomy,Abdomen,Which structure is associated with this statement: The inferior mesenteric artery supplies hindgut derivatives.,Inferior mesenteric artery,Superior mesenteric artery,Celiac trunk,Renal artery,A,The structure is Inferior mesenteric artery.
239,Anatomy,Abdomen,A medical student is asked in a viva: The inferior mesenteric artery supplies hindgut derivatives. Which option should be selected?,Inferior mesenteric artery,Superior mesenteric artery,Celiac trunk,Renal artery,A,High-yield point: Inferior mesenteric artery.
240,Anatomy,Abdomen,Which option best matches the following anatomy clue? The inferior mesenteric artery supplies hindgut derivatives.,Inferior mesenteric artery,Superior mesenteric artery,Celiac trunk,Renal artery,A,Answer: Inferior mesenteric artery. Remember this association for NEET-PG/FMGE.
241,Anatomy,Abdomen,Which of the following is correct? The portal vein is formed by union of the splenic and superior mesenteric veins.,Splenic and superior mesenteric veins,Inferior mesenteric and renal veins,Gastric and hepatic veins,Superior and inferior venae cavae,A,Correct answer: Splenic and superior mesenteric veins. This is a high-yield anatomy fact.
242,Anatomy,Abdomen,Which structure is associated with this statement: The portal vein is formed by union of the splenic and superior mesenteric veins.,Splenic and superior mesenteric veins,Inferior mesenteric and renal veins,Gastric and hepatic veins,Superior and inferior venae cavae,A,The structure is Splenic and superior mesenteric veins.
243,Anatomy,Abdomen,A medical student is asked in a viva: The portal vein is formed by union of the splenic and superior mesenteric veins. Which option should be selected?,Splenic and superior mesenteric veins,Inferior mesenteric and renal veins,Gastric and hepatic veins,Superior and inferior venae cavae,A,High-yield point: Splenic and superior mesenteric veins.
244,Anatomy,Abdomen,Which option best matches the following anatomy clue? The portal vein is formed by union of the splenic and superior mesenteric veins.,Splenic and superior mesenteric veins,Inferior mesenteric and renal veins,Gastric and hepatic veins,Superior and inferior venae cavae,A,Answer: Splenic and superior mesenteric veins. Remember this association for NEET-PG/FMGE.
245,Anatomy,Abdomen,Which of the following is correct? The portal vein carries nutrient-rich blood from the gastrointestinal tract to the liver.,Portal vein,Hepatic artery,Hepatic vein,Inferior vena cava,A,Correct answer: Portal vein. This is a high-yield anatomy fact.
246,Anatomy,Abdomen,Which structure is associated with this statement: The portal vein carries nutrient-rich blood from the gastrointestinal tract to the liver.,Portal vein,Hepatic artery,Hepatic vein,Inferior vena cava,A,The structure is Portal vein.
247,Anatomy,Abdomen,A medical student is asked in a viva: The portal vein carries nutrient-rich blood from the gastrointestinal tract to the liver. Which option should be selected?,Portal vein,Hepatic artery,Hepatic vein,Inferior vena cava,A,High-yield point: Portal vein.
248,Anatomy,Abdomen,Which option best matches the following anatomy clue? The portal vein carries nutrient-rich blood from the gastrointestinal tract to the liver.,Portal vein,Hepatic artery,Hepatic vein,Inferior vena cava,A,Answer: Portal vein. Remember this association for NEET-PG/FMGE.
249,Anatomy,Abdomen,Which of the following is correct? The common bile duct joins the main pancreatic duct at the hepatopancreatic ampulla in the usual arrangement.,Common bile duct,Cystic duct,Hepatic duct,Accessory pancreatic duct,A,Correct answer: Common bile duct. This is a high-yield anatomy fact.
250,Anatomy,Abdomen,Which structure is associated with this statement: The common bile duct joins the main pancreatic duct at the hepatopancreatic ampulla in the usual arrangement.,Common bile duct,Cystic duct,Hepatic duct,Accessory pancreatic duct,A,The structure is Common bile duct.
251,Anatomy,Abdomen,A medical student is asked in a viva: The common bile duct joins the main pancreatic duct at the hepatopancreatic ampulla in the usual arrangement. Which option should be selected?,Common bile duct,Cystic duct,Hepatic duct,Accessory pancreatic duct,A,High-yield point: Common bile duct.
252,Anatomy,Abdomen,Which option best matches the following anatomy clue? The common bile duct joins the main pancreatic duct at the hepatopancreatic ampulla in the usual arrangement.,Common bile duct,Cystic duct,Hepatic duct,Accessory pancreatic duct,A,Answer: Common bile duct. Remember this association for NEET-PG/FMGE.
253,Anatomy,Abdomen,"Which of the following is correct? The appendix is supplied by the appendicular artery, usually a branch of the ileocolic artery.",Appendicular artery,Right gastric artery,Left colic artery,Middle colic artery,A,Correct answer: Appendicular artery. This is a high-yield anatomy fact.
254,Anatomy,Abdomen,"Which structure is associated with this statement: The appendix is supplied by the appendicular artery, usually a branch of the ileocolic artery.",Appendicular artery,Right gastric artery,Left colic artery,Middle colic artery,A,The structure is Appendicular artery.
255,Anatomy,Abdomen,"A medical student is asked in a viva: The appendix is supplied by the appendicular artery, usually a branch of the ileocolic artery. Which option should be selected?",Appendicular artery,Right gastric artery,Left colic artery,Middle colic artery,A,High-yield point: Appendicular artery.
256,Anatomy,Abdomen,"Which option best matches the following anatomy clue? The appendix is supplied by the appendicular artery, usually a branch of the ileocolic artery.",Appendicular artery,Right gastric artery,Left colic artery,Middle colic artery,A,Answer: Appendicular artery. Remember this association for NEET-PG/FMGE.
257,Anatomy,Abdomen,Which of the following is correct? The spleen lies mainly in the left hypochondrium.,Left hypochondrium,Right hypochondrium,Epigastrium,Right iliac fossa,A,Correct answer: Left hypochondrium. This is a high-yield anatomy fact.
258,Anatomy,Abdomen,Which structure is associated with this statement: The spleen lies mainly in the left hypochondrium.,Left hypochondrium,Right hypochondrium,Epigastrium,Right iliac fossa,A,The structure is Left hypochondrium.
259,Anatomy,Abdomen,A medical student is asked in a viva: The spleen lies mainly in the left hypochondrium. Which option should be selected?,Left hypochondrium,Right hypochondrium,Epigastrium,Right iliac fossa,A,High-yield point: Left hypochondrium.
260,Anatomy,Abdomen,Which option best matches the following anatomy clue? The spleen lies mainly in the left hypochondrium.,Left hypochondrium,Right hypochondrium,Epigastrium,Right iliac fossa,A,Answer: Left hypochondrium. Remember this association for NEET-PG/FMGE.
261,Anatomy,Abdomen,Which of the following is correct? The kidney is a retroperitoneal organ.,Kidney,Stomach,Jejunum,Spleen,A,Correct answer: Kidney. This is a high-yield anatomy fact.
262,Anatomy,Abdomen,Which structure is associated with this statement: The kidney is a retroperitoneal organ.,Kidney,Stomach,Jejunum,Spleen,A,The structure is Kidney.
263,Anatomy,Abdomen,A medical student is asked in a viva: The kidney is a retroperitoneal organ. Which option should be selected?,Kidney,Stomach,Jejunum,Spleen,A,High-yield point: Kidney.
264,Anatomy,Abdomen,Which option best matches the following anatomy clue? The kidney is a retroperitoneal organ.,Kidney,Stomach,Jejunum,Spleen,A,Answer: Kidney. Remember this association for NEET-PG/FMGE.
265,Anatomy,Abdomen,Which of the following is correct? The pancreas is secondarily retroperitoneal except for its tail.,Pancreas,Spleen,Stomach,Liver,A,Correct answer: Pancreas. This is a high-yield anatomy fact.
266,Anatomy,Abdomen,Which structure is associated with this statement: The pancreas is secondarily retroperitoneal except for its tail.,Pancreas,Spleen,Stomach,Liver,A,The structure is Pancreas.
267,Anatomy,Abdomen,A medical student is asked in a viva: The pancreas is secondarily retroperitoneal except for its tail. Which option should be selected?,Pancreas,Spleen,Stomach,Liver,A,High-yield point: Pancreas.
268,Anatomy,Abdomen,Which option best matches the following anatomy clue? The pancreas is secondarily retroperitoneal except for its tail.,Pancreas,Spleen,Stomach,Liver,A,Answer: Pancreas. Remember this association for NEET-PG/FMGE.
269,Anatomy,Abdomen,Which of the following is correct? The bare area is a region of the liver not covered by visceral peritoneum.,Liver,Spleen,Stomach,Kidney,A,Correct answer: Liver. This is a high-yield anatomy fact.
270,Anatomy,Abdomen,Which structure is associated with this statement: The bare area is a region of the liver not covered by visceral peritoneum.,Liver,Spleen,Stomach,Kidney,A,The structure is Liver.
271,Anatomy,Abdomen,A medical student is asked in a viva: The bare area is a region of the liver not covered by visceral peritoneum. Which option should be selected?,Liver,Spleen,Stomach,Kidney,A,High-yield point: Liver.
272,Anatomy,Abdomen,Which option best matches the following anatomy clue? The bare area is a region of the liver not covered by visceral peritoneum.,Liver,Spleen,Stomach,Kidney,A,Answer: Liver. Remember this association for NEET-PG/FMGE.
273,Anatomy,Abdomen,Which of the following is correct? The lesser omentum connects the liver to the lesser curvature of the stomach and first part of the duodenum.,Lesser omentum,Greater omentum,Mesocolon,Falciform ligament,A,Correct answer: Lesser omentum. This is a high-yield anatomy fact.
274,Anatomy,Abdomen,Which structure is associated with this statement: The lesser omentum connects the liver to the lesser curvature of the stomach and first part of the duodenum.,Lesser omentum,Greater omentum,Mesocolon,Falciform ligament,A,The structure is Lesser omentum.
275,Anatomy,Abdomen,A medical student is asked in a viva: The lesser omentum connects the liver to the lesser curvature of the stomach and first part of the duodenum. Which option should be selected?,Lesser omentum,Greater omentum,Mesocolon,Falciform ligament,A,High-yield point: Lesser omentum.
276,Anatomy,Abdomen,Which option best matches the following anatomy clue? The lesser omentum connects the liver to the lesser curvature of the stomach and first part of the duodenum.,Lesser omentum,Greater omentum,Mesocolon,Falciform ligament,A,Answer: Lesser omentum. Remember this association for NEET-PG/FMGE.
277,Anatomy,Abdomen,Which of the following is correct? The greater omentum hangs from the greater curvature of the stomach.,Greater omentum,Lesser omentum,Falciform ligament,Round ligament,A,Correct answer: Greater omentum. This is a high-yield anatomy fact.
278,Anatomy,Abdomen,Which structure is associated with this statement: The greater omentum hangs from the greater curvature of the stomach.,Greater omentum,Lesser omentum,Falciform ligament,Round ligament,A,The structure is Greater omentum.
279,Anatomy,Abdomen,A medical student is asked in a viva: The greater omentum hangs from the greater curvature of the stomach. Which option should be selected?,Greater omentum,Lesser omentum,Falciform ligament,Round ligament,A,High-yield point: Greater omentum.
280,Anatomy,Abdomen,Which option best matches the following anatomy clue? The greater omentum hangs from the greater curvature of the stomach.,Greater omentum,Lesser omentum,Falciform ligament,Round ligament,A,Answer: Greater omentum. Remember this association for NEET-PG/FMGE.
281,Anatomy,Abdomen,"Which of the following is correct? The portal triad contains the portal vein, proper hepatic artery and bile duct.","Portal vein, proper hepatic artery and bile duct","Hepatic vein, hepatic artery and cystic duct","Portal vein, hepatic vein and pancreatic duct","Splenic vein, hepatic artery and ureter",A,"Correct answer: Portal vein, proper hepatic artery and bile duct. This is a high-yield anatomy fact."
282,Anatomy,Abdomen,"Which structure is associated with this statement: The portal triad contains the portal vein, proper hepatic artery and bile duct.","Portal vein, proper hepatic artery and bile duct","Hepatic vein, hepatic artery and cystic duct","Portal vein, hepatic vein and pancreatic duct","Splenic vein, hepatic artery and ureter",A,"The structure is Portal vein, proper hepatic artery and bile duct."
283,Anatomy,Abdomen,"A medical student is asked in a viva: The portal triad contains the portal vein, proper hepatic artery and bile duct. Which option should be selected?","Portal vein, proper hepatic artery and bile duct","Hepatic vein, hepatic artery and cystic duct","Portal vein, hepatic vein and pancreatic duct","Splenic vein, hepatic artery and ureter",A,"High-yield point: Portal vein, proper hepatic artery and bile duct."
284,Anatomy,Abdomen,"Which option best matches the following anatomy clue? The portal triad contains the portal vein, proper hepatic artery and bile duct.","Portal vein, proper hepatic artery and bile duct","Hepatic vein, hepatic artery and cystic duct","Portal vein, hepatic vein and pancreatic duct","Splenic vein, hepatic artery and ureter",A,"Answer: Portal vein, proper hepatic artery and bile duct. Remember this association for NEET-PG/FMGE."
285,Anatomy,Abdomen,Which of the following is correct? The ureter crosses anterior to the bifurcation of the common iliac artery or its branches near the pelvic brim.,Common iliac artery/branches,Femoral artery,Celiac trunk,Inferior mesenteric artery,A,Correct answer: Common iliac artery/branches. This is a high-yield anatomy fact.
286,Anatomy,Abdomen,Which structure is associated with this statement: The ureter crosses anterior to the bifurcation of the common iliac artery or its branches near the pelvic brim.,Common iliac artery/branches,Femoral artery,Celiac trunk,Inferior mesenteric artery,A,The structure is Common iliac artery/branches.
287,Anatomy,Abdomen,A medical student is asked in a viva: The ureter crosses anterior to the bifurcation of the common iliac artery or its branches near the pelvic brim. Which option should be selected?,Common iliac artery/branches,Femoral artery,Celiac trunk,Inferior mesenteric artery,A,High-yield point: Common iliac artery/branches.
288,Anatomy,Abdomen,Which option best matches the following anatomy clue? The ureter crosses anterior to the bifurcation of the common iliac artery or its branches near the pelvic brim.,Common iliac artery/branches,Femoral artery,Celiac trunk,Inferior mesenteric artery,A,Answer: Common iliac artery/branches. Remember this association for NEET-PG/FMGE.
289,Anatomy,Abdomen,Which of the following is correct? The left renal vein passes anterior to the abdominal aorta.,Left renal vein,Right renal vein,Inferior vena cava,Left gonadal artery,A,Correct answer: Left renal vein. This is a high-yield anatomy fact.
290,Anatomy,Abdomen,Which structure is associated with this statement: The left renal vein passes anterior to the abdominal aorta.,Left renal vein,Right renal vein,Inferior vena cava,Left gonadal artery,A,The structure is Left renal vein.
291,Anatomy,Abdomen,A medical student is asked in a viva: The left renal vein passes anterior to the abdominal aorta. Which option should be selected?,Left renal vein,Right renal vein,Inferior vena cava,Left gonadal artery,A,High-yield point: Left renal vein.
292,Anatomy,Abdomen,Which option best matches the following anatomy clue? The left renal vein passes anterior to the abdominal aorta.,Left renal vein,Right renal vein,Inferior vena cava,Left gonadal artery,A,Answer: Left renal vein. Remember this association for NEET-PG/FMGE.
293,Anatomy,Abdomen,Which of the following is correct? The right renal artery passes posterior to the inferior vena cava.,Right renal artery,Left renal artery,Right gonadal artery,Superior mesenteric artery,A,Correct answer: Right renal artery. This is a high-yield anatomy fact.
294,Anatomy,Abdomen,Which structure is associated with this statement: The right renal artery passes posterior to the inferior vena cava.,Right renal artery,Left renal artery,Right gonadal artery,Superior mesenteric artery,A,The structure is Right renal artery.
295,Anatomy,Abdomen,A medical student is asked in a viva: The right renal artery passes posterior to the inferior vena cava. Which option should be selected?,Right renal artery,Left renal artery,Right gonadal artery,Superior mesenteric artery,A,High-yield point: Right renal artery.
296,Anatomy,Abdomen,Which option best matches the following anatomy clue? The right renal artery passes posterior to the inferior vena cava.,Right renal artery,Left renal artery,Right gonadal artery,Superior mesenteric artery,A,Answer: Right renal artery. Remember this association for NEET-PG/FMGE.
297,Anatomy,Pelvis & perineum,Which of the following is correct? The pudendal nerve is the main somatic nerve of the perineum.,Pudendal nerve,Obturator nerve,Femoral nerve,Pelvic splanchnic nerve,A,Correct answer: Pudendal nerve. This is a high-yield anatomy fact.
298,Anatomy,Pelvis & perineum,Which structure is associated with this statement: The pudendal nerve is the main somatic nerve of the perineum.,Pudendal nerve,Obturator nerve,Femoral nerve,Pelvic splanchnic nerve,A,The structure is Pudendal nerve.
299,Anatomy,Pelvis & perineum,A medical student is asked in a viva: The pudendal nerve is the main somatic nerve of the perineum. Which option should be selected?,Pudendal nerve,Obturator nerve,Femoral nerve,Pelvic splanchnic nerve,A,High-yield point: Pudendal nerve.
300,Anatomy,Pelvis & perineum,Which option best matches the following anatomy clue? The pudendal nerve is the main somatic nerve of the perineum.,Pudendal nerve,Obturator nerve,Femoral nerve,Pelvic splanchnic nerve,A,Answer: Pudendal nerve. Remember this association for NEET-PG/FMGE.
301,Anatomy,Pelvis & perineum,Which of the following is correct? The pudendal nerve arises from S2–S4 spinal roots.,S2–S4,L1–L3,L4–S1,S1–S3,A,Correct answer: S2–S4. This is a high-yield anatomy fact.
302,Anatomy,Pelvis & perineum,Which structure is associated with this statement: The pudendal nerve arises from S2–S4 spinal roots.,S2–S4,L1–L3,L4–S1,S1–S3,A,The structure is S2–S4.
303,Anatomy,Pelvis & perineum,A medical student is asked in a viva: The pudendal nerve arises from S2–S4 spinal roots. Which option should be selected?,S2–S4,L1–L3,L4–S1,S1–S3,A,High-yield point: S2–S4.
304,Anatomy,Pelvis & perineum,Which option best matches the following anatomy clue? The pudendal nerve arises from S2–S4 spinal roots.,S2–S4,L1–L3,L4–S1,S1–S3,A,Answer: S2–S4. Remember this association for NEET-PG/FMGE.
305,Anatomy,Pelvis & perineum,Which of the following is correct? The pelvic splanchnic nerves carry parasympathetic fibers from S2–S4.,Pelvic splanchnic nerves,Lumbar splanchnic nerves,Pudendal nerve,Superior hypogastric plexus,A,Correct answer: Pelvic splanchnic nerves. This is a high-yield anatomy fact.
306,Anatomy,Pelvis & perineum,Which structure is associated with this statement: The pelvic splanchnic nerves carry parasympathetic fibers from S2–S4.,Pelvic splanchnic nerves,Lumbar splanchnic nerves,Pudendal nerve,Superior hypogastric plexus,A,The structure is Pelvic splanchnic nerves.
307,Anatomy,Pelvis & perineum,A medical student is asked in a viva: The pelvic splanchnic nerves carry parasympathetic fibers from S2–S4. Which option should be selected?,Pelvic splanchnic nerves,Lumbar splanchnic nerves,Pudendal nerve,Superior hypogastric plexus,A,High-yield point: Pelvic splanchnic nerves.
308,Anatomy,Pelvis & perineum,Which option best matches the following anatomy clue? The pelvic splanchnic nerves carry parasympathetic fibers from S2–S4.,Pelvic splanchnic nerves,Lumbar splanchnic nerves,Pudendal nerve,Superior hypogastric plexus,A,Answer: Pelvic splanchnic nerves. Remember this association for NEET-PG/FMGE.
309,Anatomy,Pelvis & perineum,Which of the following is correct? The levator ani is the major muscle of the pelvic floor.,Levator ani,Obturator internus,Piriformis,Coccygeus only,A,Correct answer: Levator ani. This is a high-yield anatomy fact.
310,Anatomy,Pelvis & perineum,Which structure is associated with this statement: The levator ani is the major muscle of the pelvic floor.,Levator ani,Obturator internus,Piriformis,Coccygeus only,A,The structure is Levator ani.
311,Anatomy,Pelvis & perineum,A medical student is asked in a viva: The levator ani is the major muscle of the pelvic floor. Which option should be selected?,Levator ani,Obturator internus,Piriformis,Coccygeus only,A,High-yield point: Levator ani.
312,Anatomy,Pelvis & perineum,Which option best matches the following anatomy clue? The levator ani is the major muscle of the pelvic floor.,Levator ani,Obturator internus,Piriformis,Coccygeus only,A,Answer: Levator ani. Remember this association for NEET-PG/FMGE.
313,Anatomy,Pelvis & perineum,Which of the following is correct? The ischioanal fossa contains the pudendal canal in its lateral wall.,Pudendal canal,Femoral canal,Obturator canal,Adductor canal,A,Correct answer: Pudendal canal. This is a high-yield anatomy fact.
314,Anatomy,Pelvis & perineum,Which structure is associated with this statement: The ischioanal fossa contains the pudendal canal in its lateral wall.,Pudendal canal,Femoral canal,Obturator canal,Adductor canal,A,The structure is Pudendal canal.
315,Anatomy,Pelvis & perineum,A medical student is asked in a viva: The ischioanal fossa contains the pudendal canal in its lateral wall. Which option should be selected?,Pudendal canal,Femoral canal,Obturator canal,Adductor canal,A,High-yield point: Pudendal canal.
316,Anatomy,Pelvis & perineum,Which option best matches the following anatomy clue? The ischioanal fossa contains the pudendal canal in its lateral wall.,Pudendal canal,Femoral canal,Obturator canal,Adductor canal,A,Answer: Pudendal canal. Remember this association for NEET-PG/FMGE.
317,Anatomy,Pelvis & perineum,Which of the following is correct? The pudendal nerve re-enters the perineum through the lesser sciatic foramen.,Lesser sciatic foramen,Greater sciatic foramen,Obturator foramen,Femoral ring,A,Correct answer: Lesser sciatic foramen. This is a high-yield anatomy fact.
318,Anatomy,Pelvis & perineum,Which structure is associated with this statement: The pudendal nerve re-enters the perineum through the lesser sciatic foramen.,Lesser sciatic foramen,Greater sciatic foramen,Obturator foramen,Femoral ring,A,The structure is Lesser sciatic foramen.
319,Anatomy,Pelvis & perineum,A medical student is asked in a viva: The pudendal nerve re-enters the perineum through the lesser sciatic foramen. Which option should be selected?,Lesser sciatic foramen,Greater sciatic foramen,Obturator foramen,Femoral ring,A,High-yield point: Lesser sciatic foramen.
320,Anatomy,Pelvis & perineum,Which option best matches the following anatomy clue? The pudendal nerve re-enters the perineum through the lesser sciatic foramen.,Lesser sciatic foramen,Greater sciatic foramen,Obturator foramen,Femoral ring,A,Answer: Lesser sciatic foramen. Remember this association for NEET-PG/FMGE.
321,Anatomy,Pelvis & perineum,Which of the following is correct? The uterus is normally anteverted and anteflexed.,Uterus,Urinary bladder,Rectum,Vagina,A,Correct answer: Uterus. This is a high-yield anatomy fact.
322,Anatomy,Pelvis & perineum,Which structure is associated with this statement: The uterus is normally anteverted and anteflexed.,Uterus,Urinary bladder,Rectum,Vagina,A,The structure is Uterus.
323,Anatomy,Pelvis & perineum,A medical student is asked in a viva: The uterus is normally anteverted and anteflexed. Which option should be selected?,Uterus,Urinary bladder,Rectum,Vagina,A,High-yield point: Uterus.
324,Anatomy,Pelvis & perineum,Which option best matches the following anatomy clue? The uterus is normally anteverted and anteflexed.,Uterus,Urinary bladder,Rectum,Vagina,A,Answer: Uterus. Remember this association for NEET-PG/FMGE.
325,Anatomy,Pelvis & perineum,Which of the following is correct? The ovarian artery arises directly from the abdominal aorta.,Abdominal aorta,Internal iliac artery,External iliac artery,Uterine artery,A,Correct answer: Abdominal aorta. This is a high-yield anatomy fact.
326,Anatomy,Pelvis & perineum,Which structure is associated with this statement: The ovarian artery arises directly from the abdominal aorta.,Abdominal aorta,Internal iliac artery,External iliac artery,Uterine artery,A,The structure is Abdominal aorta.
327,Anatomy,Pelvis & perineum,A medical student is asked in a viva: The ovarian artery arises directly from the abdominal aorta. Which option should be selected?,Abdominal aorta,Internal iliac artery,External iliac artery,Uterine artery,A,High-yield point: Abdominal aorta.
328,Anatomy,Pelvis & perineum,Which option best matches the following anatomy clue? The ovarian artery arises directly from the abdominal aorta.,Abdominal aorta,Internal iliac artery,External iliac artery,Uterine artery,A,Answer: Abdominal aorta. Remember this association for NEET-PG/FMGE.
329,Anatomy,Pelvis & perineum,Which of the following is correct? The uterine artery is a branch of the anterior division of the internal iliac artery.,Uterine artery,Ovarian artery,Vaginal artery,Inferior epigastric artery,A,Correct answer: Uterine artery. This is a high-yield anatomy fact.
330,Anatomy,Pelvis & perineum,Which structure is associated with this statement: The uterine artery is a branch of the anterior division of the internal iliac artery.,Uterine artery,Ovarian artery,Vaginal artery,Inferior epigastric artery,A,The structure is Uterine artery.
331,Anatomy,Pelvis & perineum,A medical student is asked in a viva: The uterine artery is a branch of the anterior division of the internal iliac artery. Which option should be selected?,Uterine artery,Ovarian artery,Vaginal artery,Inferior epigastric artery,A,High-yield point: Uterine artery.
332,Anatomy,Pelvis & perineum,Which option best matches the following anatomy clue? The uterine artery is a branch of the anterior division of the internal iliac artery.,Uterine artery,Ovarian artery,Vaginal artery,Inferior epigastric artery,A,Answer: Uterine artery. Remember this association for NEET-PG/FMGE.
333,Anatomy,Pelvis & perineum,Which of the following is correct? The ureter passes inferior to the uterine artery near the cervix.,Ureter,Ovarian artery,Round ligament,Uterine vein,A,Correct answer: Ureter. This is a high-yield anatomy fact.
334,Anatomy,Pelvis & perineum,Which structure is associated with this statement: The ureter passes inferior to the uterine artery near the cervix.,Ureter,Ovarian artery,Round ligament,Uterine vein,A,The structure is Ureter.
335,Anatomy,Pelvis & perineum,A medical student is asked in a viva: The ureter passes inferior to the uterine artery near the cervix. Which option should be selected?,Ureter,Ovarian artery,Round ligament,Uterine vein,A,High-yield point: Ureter.
336,Anatomy,Pelvis & perineum,Which option best matches the following anatomy clue? The ureter passes inferior to the uterine artery near the cervix.,Ureter,Ovarian artery,Round ligament,Uterine vein,A,Answer: Ureter. Remember this association for NEET-PG/FMGE.
337,Anatomy,Pelvis & perineum,Which of the following is correct? The testicular artery arises from the abdominal aorta.,Abdominal aorta,Internal iliac artery,External iliac artery,Inferior mesenteric artery,A,Correct answer: Abdominal aorta. This is a high-yield anatomy fact.
338,Anatomy,Pelvis & perineum,Which structure is associated with this statement: The testicular artery arises from the abdominal aorta.,Abdominal aorta,Internal iliac artery,External iliac artery,Inferior mesenteric artery,A,The structure is Abdominal aorta.
339,Anatomy,Pelvis & perineum,A medical student is asked in a viva: The testicular artery arises from the abdominal aorta. Which option should be selected?,Abdominal aorta,Internal iliac artery,External iliac artery,Inferior mesenteric artery,A,High-yield point: Abdominal aorta.
340,Anatomy,Pelvis & perineum,Which option best matches the following anatomy clue? The testicular artery arises from the abdominal aorta.,Abdominal aorta,Internal iliac artery,External iliac artery,Inferior mesenteric artery,A,Answer: Abdominal aorta. Remember this association for NEET-PG/FMGE.
341,Anatomy,Pelvis & perineum,Which of the following is correct? The ductus deferens crosses superior to the ureter near the urinary bladder.,Ductus deferens,Ureter,Epididymis,Testicular artery,A,Correct answer: Ductus deferens. This is a high-yield anatomy fact.
342,Anatomy,Pelvis & perineum,Which structure is associated with this statement: The ductus deferens crosses superior to the ureter near the urinary bladder.,Ductus deferens,Ureter,Epididymis,Testicular artery,A,The structure is Ductus deferens.
343,Anatomy,Pelvis & perineum,A medical student is asked in a viva: The ductus deferens crosses superior to the ureter near the urinary bladder. Which option should be selected?,Ductus deferens,Ureter,Epididymis,Testicular artery,A,High-yield point: Ductus deferens.
344,Anatomy,Pelvis & perineum,Which option best matches the following anatomy clue? The ductus deferens crosses superior to the ureter near the urinary bladder.,Ductus deferens,Ureter,Epididymis,Testicular artery,A,Answer: Ductus deferens. Remember this association for NEET-PG/FMGE.
345,Anatomy,Head & neck,Which of the following is correct? The facial nerve is cranial nerve VII.,Facial nerve,Trigeminal nerve,Vagus nerve,Glossopharyngeal nerve,A,Correct answer: Facial nerve. This is a high-yield anatomy fact.
346,Anatomy,Head & neck,Which structure is associated with this statement: The facial nerve is cranial nerve VII.,Facial nerve,Trigeminal nerve,Vagus nerve,Glossopharyngeal nerve,A,The structure is Facial nerve.
347,Anatomy,Head & neck,A medical student is asked in a viva: The facial nerve is cranial nerve VII. Which option should be selected?,Facial nerve,Trigeminal nerve,Vagus nerve,Glossopharyngeal nerve,A,High-yield point: Facial nerve.
348,Anatomy,Head & neck,Which option best matches the following anatomy clue? The facial nerve is cranial nerve VII.,Facial nerve,Trigeminal nerve,Vagus nerve,Glossopharyngeal nerve,A,Answer: Facial nerve. Remember this association for NEET-PG/FMGE.
349,Anatomy,Head & neck,Which of the following is correct? The trigeminal nerve is cranial nerve V.,Trigeminal nerve,Facial nerve,Vagus nerve,Hypoglossal nerve,A,Correct answer: Trigeminal nerve. This is a high-yield anatomy fact.
350,Anatomy,Head & neck,Which structure is associated with this statement: The trigeminal nerve is cranial nerve V.,Trigeminal nerve,Facial nerve,Vagus nerve,Hypoglossal nerve,A,The structure is Trigeminal nerve.
351,Anatomy,Head & neck,A medical student is asked in a viva: The trigeminal nerve is cranial nerve V. Which option should be selected?,Trigeminal nerve,Facial nerve,Vagus nerve,Hypoglossal nerve,A,High-yield point: Trigeminal nerve.
352,Anatomy,Head & neck,Which option best matches the following anatomy clue? The trigeminal nerve is cranial nerve V.,Trigeminal nerve,Facial nerve,Vagus nerve,Hypoglossal nerve,A,Answer: Trigeminal nerve. Remember this association for NEET-PG/FMGE.
353,Anatomy,Head & neck,Which of the following is correct? The mandibular division of the trigeminal nerve is the only trigeminal division carrying motor fibers.,Mandibular division (V3),Ophthalmic division (V1),Maxillary division (V2),All three equally,A,Correct answer: Mandibular division (V3). This is a high-yield anatomy fact.
354,Anatomy,Head & neck,Which structure is associated with this statement: The mandibular division of the trigeminal nerve is the only trigeminal division carrying motor fibers.,Mandibular division (V3),Ophthalmic division (V1),Maxillary division (V2),All three equally,A,The structure is Mandibular division (V3).
355,Anatomy,Head & neck,A medical student is asked in a viva: The mandibular division of the trigeminal nerve is the only trigeminal division carrying motor fibers. Which option should be selected?,Mandibular division (V3),Ophthalmic division (V1),Maxillary division (V2),All three equally,A,High-yield point: Mandibular division (V3).
356,Anatomy,Head & neck,Which option best matches the following anatomy clue? The mandibular division of the trigeminal nerve is the only trigeminal division carrying motor fibers.,Mandibular division (V3),Ophthalmic division (V1),Maxillary division (V2),All three equally,A,Answer: Mandibular division (V3). Remember this association for NEET-PG/FMGE.
357,Anatomy,Head & neck,Which of the following is correct? The parasympathetic secretomotor fibers to the parotid gland originate from the glossopharyngeal nerve.,Glossopharyngeal nerve,Facial nerve,Vagus nerve,Trigeminal nerve,A,Correct answer: Glossopharyngeal nerve. This is a high-yield anatomy fact.
358,Anatomy,Head & neck,Which structure is associated with this statement: The parasympathetic secretomotor fibers to the parotid gland originate from the glossopharyngeal nerve.,Glossopharyngeal nerve,Facial nerve,Vagus nerve,Trigeminal nerve,A,The structure is Glossopharyngeal nerve.
359,Anatomy,Head & neck,A medical student is asked in a viva: The parasympathetic secretomotor fibers to the parotid gland originate from the glossopharyngeal nerve. Which option should be selected?,Glossopharyngeal nerve,Facial nerve,Vagus nerve,Trigeminal nerve,A,High-yield point: Glossopharyngeal nerve.
360,Anatomy,Head & neck,Which option best matches the following anatomy clue? The parasympathetic secretomotor fibers to the parotid gland originate from the glossopharyngeal nerve.,Glossopharyngeal nerve,Facial nerve,Vagus nerve,Trigeminal nerve,A,Answer: Glossopharyngeal nerve. Remember this association for NEET-PG/FMGE.
361,Anatomy,Head & neck,Which of the following is correct? The facial nerve supplies the muscles of facial expression.,Facial nerve,Trigeminal nerve,Glossopharyngeal nerve,Hypoglossal nerve,A,Correct answer: Facial nerve. This is a high-yield anatomy fact.
362,Anatomy,Head & neck,Which structure is associated with this statement: The facial nerve supplies the muscles of facial expression.,Facial nerve,Trigeminal nerve,Glossopharyngeal nerve,Hypoglossal nerve,A,The structure is Facial nerve.
363,Anatomy,Head & neck,A medical student is asked in a viva: The facial nerve supplies the muscles of facial expression. Which option should be selected?,Facial nerve,Trigeminal nerve,Glossopharyngeal nerve,Hypoglossal nerve,A,High-yield point: Facial nerve.
364,Anatomy,Head & neck,Which option best matches the following anatomy clue? The facial nerve supplies the muscles of facial expression.,Facial nerve,Trigeminal nerve,Glossopharyngeal nerve,Hypoglossal nerve,A,Answer: Facial nerve. Remember this association for NEET-PG/FMGE.
365,Anatomy,Head & neck,Which of the following is correct? The hypoglossal nerve supplies most muscles of the tongue.,Hypoglossal nerve,Glossopharyngeal nerve,Vagus nerve,Facial nerve,A,Correct answer: Hypoglossal nerve. This is a high-yield anatomy fact.
366,Anatomy,Head & neck,Which structure is associated with this statement: The hypoglossal nerve supplies most muscles of the tongue.,Hypoglossal nerve,Glossopharyngeal nerve,Vagus nerve,Facial nerve,A,The structure is Hypoglossal nerve.
367,Anatomy,Head & neck,A medical student is asked in a viva: The hypoglossal nerve supplies most muscles of the tongue. Which option should be selected?,Hypoglossal nerve,Glossopharyngeal nerve,Vagus nerve,Facial nerve,A,High-yield point: Hypoglossal nerve.
368,Anatomy,Head & neck,Which option best matches the following anatomy clue? The hypoglossal nerve supplies most muscles of the tongue.,Hypoglossal nerve,Glossopharyngeal nerve,Vagus nerve,Facial nerve,A,Answer: Hypoglossal nerve. Remember this association for NEET-PG/FMGE.
369,Anatomy,Head & neck,Which of the following is correct? The sternocleidomastoid and trapezius are supplied by the spinal accessory nerve.,Spinal accessory nerve,Vagus nerve,Phrenic nerve,Hypoglossal nerve,A,Correct answer: Spinal accessory nerve. This is a high-yield anatomy fact.
370,Anatomy,Head & neck,Which structure is associated with this statement: The sternocleidomastoid and trapezius are supplied by the spinal accessory nerve.,Spinal accessory nerve,Vagus nerve,Phrenic nerve,Hypoglossal nerve,A,The structure is Spinal accessory nerve.
371,Anatomy,Head & neck,A medical student is asked in a viva: The sternocleidomastoid and trapezius are supplied by the spinal accessory nerve. Which option should be selected?,Spinal accessory nerve,Vagus nerve,Phrenic nerve,Hypoglossal nerve,A,High-yield point: Spinal accessory nerve.
372,Anatomy,Head & neck,Which option best matches the following anatomy clue? The sternocleidomastoid and trapezius are supplied by the spinal accessory nerve.,Spinal accessory nerve,Vagus nerve,Phrenic nerve,Hypoglossal nerve,A,Answer: Spinal accessory nerve. Remember this association for NEET-PG/FMGE.
373,Anatomy,Head & neck,Which of the following is correct? The carotid sinus carries afferent fibers mainly through the glossopharyngeal nerve.,Glossopharyngeal nerve,Vagus nerve,Facial nerve,Hypoglossal nerve,A,Correct answer: Glossopharyngeal nerve. This is a high-yield anatomy fact.
374,Anatomy,Head & neck,Which structure is associated with this statement: The carotid sinus carries afferent fibers mainly through the glossopharyngeal nerve.,Glossopharyngeal nerve,Vagus nerve,Facial nerve,Hypoglossal nerve,A,The structure is Glossopharyngeal nerve.
375,Anatomy,Head & neck,A medical student is asked in a viva: The carotid sinus carries afferent fibers mainly through the glossopharyngeal nerve. Which option should be selected?,Glossopharyngeal nerve,Vagus nerve,Facial nerve,Hypoglossal nerve,A,High-yield point: Glossopharyngeal nerve.
376,Anatomy,Head & neck,Which option best matches the following anatomy clue? The carotid sinus carries afferent fibers mainly through the glossopharyngeal nerve.,Glossopharyngeal nerve,Vagus nerve,Facial nerve,Hypoglossal nerve,A,Answer: Glossopharyngeal nerve. Remember this association for NEET-PG/FMGE.
377,Anatomy,Head & neck,Which of the following is correct? The carotid body is innervated mainly by the glossopharyngeal nerve.,Glossopharyngeal nerve,Vagus nerve,Facial nerve,Hypoglossal nerve,A,Correct answer: Glossopharyngeal nerve. This is a high-yield anatomy fact.
378,Anatomy,Head & neck,Which structure is associated with this statement: The carotid body is innervated mainly by the glossopharyngeal nerve.,Glossopharyngeal nerve,Vagus nerve,Facial nerve,Hypoglossal nerve,A,The structure is Glossopharyngeal nerve.
379,Anatomy,Head & neck,A medical student is asked in a viva: The carotid body is innervated mainly by the glossopharyngeal nerve. Which option should be selected?,Glossopharyngeal nerve,Vagus nerve,Facial nerve,Hypoglossal nerve,A,High-yield point: Glossopharyngeal nerve.
380,Anatomy,Head & neck,Which option best matches the following anatomy clue? The carotid body is innervated mainly by the glossopharyngeal nerve.,Glossopharyngeal nerve,Vagus nerve,Facial nerve,Hypoglossal nerve,A,Answer: Glossopharyngeal nerve. Remember this association for NEET-PG/FMGE.
381,Anatomy,Head & neck,Which of the following is correct? The recurrent laryngeal nerve supplies all intrinsic muscles of the larynx except cricothyroid.,Recurrent laryngeal nerve,Superior laryngeal nerve,Glossopharyngeal nerve,Hypoglossal nerve,A,Correct answer: Recurrent laryngeal nerve. This is a high-yield anatomy fact.
382,Anatomy,Head & neck,Which structure is associated with this statement: The recurrent laryngeal nerve supplies all intrinsic muscles of the larynx except cricothyroid.,Recurrent laryngeal nerve,Superior laryngeal nerve,Glossopharyngeal nerve,Hypoglossal nerve,A,The structure is Recurrent laryngeal nerve.
383,Anatomy,Head & neck,A medical student is asked in a viva: The recurrent laryngeal nerve supplies all intrinsic muscles of the larynx except cricothyroid. Which option should be selected?,Recurrent laryngeal nerve,Superior laryngeal nerve,Glossopharyngeal nerve,Hypoglossal nerve,A,High-yield point: Recurrent laryngeal nerve.
384,Anatomy,Head & neck,Which option best matches the following anatomy clue? The recurrent laryngeal nerve supplies all intrinsic muscles of the larynx except cricothyroid.,Recurrent laryngeal nerve,Superior laryngeal nerve,Glossopharyngeal nerve,Hypoglossal nerve,A,Answer: Recurrent laryngeal nerve. Remember this association for NEET-PG/FMGE.
385,Anatomy,Head & neck,Which of the following is correct? The external branch of the superior laryngeal nerve supplies cricothyroid.,External laryngeal nerve,Recurrent laryngeal nerve,Internal laryngeal nerve,Hypoglossal nerve,A,Correct answer: External laryngeal nerve. This is a high-yield anatomy fact.
386,Anatomy,Head & neck,Which structure is associated with this statement: The external branch of the superior laryngeal nerve supplies cricothyroid.,External laryngeal nerve,Recurrent laryngeal nerve,Internal laryngeal nerve,Hypoglossal nerve,A,The structure is External laryngeal nerve.
387,Anatomy,Head & neck,A medical student is asked in a viva: The external branch of the superior laryngeal nerve supplies cricothyroid. Which option should be selected?,External laryngeal nerve,Recurrent laryngeal nerve,Internal laryngeal nerve,Hypoglossal nerve,A,High-yield point: External laryngeal nerve.
388,Anatomy,Head & neck,Which option best matches the following anatomy clue? The external branch of the superior laryngeal nerve supplies cricothyroid.,External laryngeal nerve,Recurrent laryngeal nerve,Internal laryngeal nerve,Hypoglossal nerve,A,Answer: External laryngeal nerve. Remember this association for NEET-PG/FMGE.
389,Anatomy,Head & neck,Which of the following is correct? The internal carotid artery enters the skull through the carotid canal.,Carotid canal,Jugular foramen,Foramen ovale,Foramen spinosum,A,Correct answer: Carotid canal. This is a high-yield anatomy fact.
390,Anatomy,Head & neck,Which structure is associated with this statement: The internal carotid artery enters the skull through the carotid canal.,Carotid canal,Jugular foramen,Foramen ovale,Foramen spinosum,A,The structure is Carotid canal.
391,Anatomy,Head & neck,A medical student is asked in a viva: The internal carotid artery enters the skull through the carotid canal. Which option should be selected?,Carotid canal,Jugular foramen,Foramen ovale,Foramen spinosum,A,High-yield point: Carotid canal.
392,Anatomy,Head & neck,Which option best matches the following anatomy clue? The internal carotid artery enters the skull through the carotid canal.,Carotid canal,Jugular foramen,Foramen ovale,Foramen spinosum,A,Answer: Carotid canal. Remember this association for NEET-PG/FMGE.
393,Anatomy,Head & neck,Which of the following is correct? The internal jugular vein exits the skull through the jugular foramen.,Internal jugular vein,External jugular vein,Facial vein,Retromandibular vein,A,Correct answer: Internal jugular vein. This is a high-yield anatomy fact.
394,Anatomy,Head & neck,Which structure is associated with this statement: The internal jugular vein exits the skull through the jugular foramen.,Internal jugular vein,External jugular vein,Facial vein,Retromandibular vein,A,The structure is Internal jugular vein.
395,Anatomy,Head & neck,A medical student is asked in a viva: The internal jugular vein exits the skull through the jugular foramen. Which option should be selected?,Internal jugular vein,External jugular vein,Facial vein,Retromandibular vein,A,High-yield point: Internal jugular vein.
396,Anatomy,Head & neck,Which option best matches the following anatomy clue? The internal jugular vein exits the skull through the jugular foramen.,Internal jugular vein,External jugular vein,Facial vein,Retromandibular vein,A,Answer: Internal jugular vein. Remember this association for NEET-PG/FMGE.
397,Anatomy,Head & neck,Which of the following is correct? The middle meningeal artery enters the cranial cavity through the foramen spinosum.,Foramen spinosum,Foramen ovale,Foramen rotundum,Jugular foramen,A,Correct answer: Foramen spinosum. This is a high-yield anatomy fact.
398,Anatomy,Head & neck,Which structure is associated with this statement: The middle meningeal artery enters the cranial cavity through the foramen spinosum.,Foramen spinosum,Foramen ovale,Foramen rotundum,Jugular foramen,A,The structure is Foramen spinosum.
399,Anatomy,Head & neck,A medical student is asked in a viva: The middle meningeal artery enters the cranial cavity through the foramen spinosum. Which option should be selected?,Foramen spinosum,Foramen ovale,Foramen rotundum,Jugular foramen,A,High-yield point: Foramen spinosum.
400,Anatomy,Head & neck,Which option best matches the following anatomy clue? The middle meningeal artery enters the cranial cavity through the foramen spinosum.,Foramen spinosum,Foramen ovale,Foramen rotundum,Jugular foramen,A,Answer: Foramen spinosum. Remember this association for NEET-PG/FMGE.
401,Anatomy,Head & neck,Which of the following is correct? The maxillary nerve exits the cranial cavity through the foramen rotundum.,Foramen rotundum,Foramen ovale,Foramen spinosum,Superior orbital fissure,A,Correct answer: Foramen rotundum. This is a high-yield anatomy fact.
402,Anatomy,Head & neck,Which structure is associated with this statement: The maxillary nerve exits the cranial cavity through the foramen rotundum.,Foramen rotundum,Foramen ovale,Foramen spinosum,Superior orbital fissure,A,The structure is Foramen rotundum.
403,Anatomy,Head & neck,A medical student is asked in a viva: The maxillary nerve exits the cranial cavity through the foramen rotundum. Which option should be selected?,Foramen rotundum,Foramen ovale,Foramen spinosum,Superior orbital fissure,A,High-yield point: Foramen rotundum.
404,Anatomy,Head & neck,Which option best matches the following anatomy clue? The maxillary nerve exits the cranial cavity through the foramen rotundum.,Foramen rotundum,Foramen ovale,Foramen spinosum,Superior orbital fissure,A,Answer: Foramen rotundum. Remember this association for NEET-PG/FMGE.
405,Anatomy,Head & neck,Which of the following is correct? The mandibular nerve exits through the foramen ovale.,Foramen ovale,Foramen rotundum,Foramen spinosum,Internal acoustic meatus,A,Correct answer: Foramen ovale. This is a high-yield anatomy fact.
406,Anatomy,Head & neck,Which structure is associated with this statement: The mandibular nerve exits through the foramen ovale.,Foramen ovale,Foramen rotundum,Foramen spinosum,Internal acoustic meatus,A,The structure is Foramen ovale.
407,Anatomy,Head & neck,A medical student is asked in a viva: The mandibular nerve exits through the foramen ovale. Which option should be selected?,Foramen ovale,Foramen rotundum,Foramen spinosum,Internal acoustic meatus,A,High-yield point: Foramen ovale.
408,Anatomy,Head & neck,Which option best matches the following anatomy clue? The mandibular nerve exits through the foramen ovale.,Foramen ovale,Foramen rotundum,Foramen spinosum,Internal acoustic meatus,A,Answer: Foramen ovale. Remember this association for NEET-PG/FMGE.
409,Anatomy,Head & neck,Which of the following is correct? The optic nerve passes through the optic canal.,Optic canal,Superior orbital fissure,Foramen rotundum,Foramen ovale,A,Correct answer: Optic canal. This is a high-yield anatomy fact.
410,Anatomy,Head & neck,Which structure is associated with this statement: The optic nerve passes through the optic canal.,Optic canal,Superior orbital fissure,Foramen rotundum,Foramen ovale,A,The structure is Optic canal.
411,Anatomy,Head & neck,A medical student is asked in a viva: The optic nerve passes through the optic canal. Which option should be selected?,Optic canal,Superior orbital fissure,Foramen rotundum,Foramen ovale,A,High-yield point: Optic canal.
412,Anatomy,Head & neck,Which option best matches the following anatomy clue? The optic nerve passes through the optic canal.,Optic canal,Superior orbital fissure,Foramen rotundum,Foramen ovale,A,Answer: Optic canal. Remember this association for NEET-PG/FMGE.
413,Anatomy,Head & neck,Which of the following is correct? The optic nerve is cranial nerve II.,Optic nerve,Oculomotor nerve,Trochlear nerve,Abducens nerve,A,Correct answer: Optic nerve. This is a high-yield anatomy fact.
414,Anatomy,Head & neck,Which structure is associated with this statement: The optic nerve is cranial nerve II.,Optic nerve,Oculomotor nerve,Trochlear nerve,Abducens nerve,A,The structure is Optic nerve.
415,Anatomy,Head & neck,A medical student is asked in a viva: The optic nerve is cranial nerve II. Which option should be selected?,Optic nerve,Oculomotor nerve,Trochlear nerve,Abducens nerve,A,High-yield point: Optic nerve.
416,Anatomy,Head & neck,Which option best matches the following anatomy clue? The optic nerve is cranial nerve II.,Optic nerve,Oculomotor nerve,Trochlear nerve,Abducens nerve,A,Answer: Optic nerve. Remember this association for NEET-PG/FMGE.
417,Anatomy,Head & neck,Which of the following is correct? The abducens nerve supplies lateral rectus.,Abducens nerve,Oculomotor nerve,Trochlear nerve,Optic nerve,A,Correct answer: Abducens nerve. This is a high-yield anatomy fact.
418,Anatomy,Head & neck,Which structure is associated with this statement: The abducens nerve supplies lateral rectus.,Abducens nerve,Oculomotor nerve,Trochlear nerve,Optic nerve,A,The structure is Abducens nerve.
419,Anatomy,Head & neck,A medical student is asked in a viva: The abducens nerve supplies lateral rectus. Which option should be selected?,Abducens nerve,Oculomotor nerve,Trochlear nerve,Optic nerve,A,High-yield point: Abducens nerve.
420,Anatomy,Head & neck,Which option best matches the following anatomy clue? The abducens nerve supplies lateral rectus.,Abducens nerve,Oculomotor nerve,Trochlear nerve,Optic nerve,A,Answer: Abducens nerve. Remember this association for NEET-PG/FMGE.
421,Anatomy,Head & neck,Which of the following is correct? The trochlear nerve supplies superior oblique.,Trochlear nerve,Oculomotor nerve,Abducens nerve,Trigeminal nerve,A,Correct answer: Trochlear nerve. This is a high-yield anatomy fact.
422,Anatomy,Head & neck,Which structure is associated with this statement: The trochlear nerve supplies superior oblique.,Trochlear nerve,Oculomotor nerve,Abducens nerve,Trigeminal nerve,A,The structure is Trochlear nerve.
423,Anatomy,Head & neck,A medical student is asked in a viva: The trochlear nerve supplies superior oblique. Which option should be selected?,Trochlear nerve,Oculomotor nerve,Abducens nerve,Trigeminal nerve,A,High-yield point: Trochlear nerve.
424,Anatomy,Head & neck,Which option best matches the following anatomy clue? The trochlear nerve supplies superior oblique.,Trochlear nerve,Oculomotor nerve,Abducens nerve,Trigeminal nerve,A,Answer: Trochlear nerve. Remember this association for NEET-PG/FMGE.
425,Anatomy,Head & neck,Which of the following is correct? The oculomotor nerve supplies most extraocular muscles.,Oculomotor nerve,Trochlear nerve,Abducens nerve,Optic nerve,A,Correct answer: Oculomotor nerve. This is a high-yield anatomy fact.
426,Anatomy,Head & neck,Which structure is associated with this statement: The oculomotor nerve supplies most extraocular muscles.,Oculomotor nerve,Trochlear nerve,Abducens nerve,Optic nerve,A,The structure is Oculomotor nerve.
427,Anatomy,Head & neck,A medical student is asked in a viva: The oculomotor nerve supplies most extraocular muscles. Which option should be selected?,Oculomotor nerve,Trochlear nerve,Abducens nerve,Optic nerve,A,High-yield point: Oculomotor nerve.
428,Anatomy,Head & neck,Which option best matches the following anatomy clue? The oculomotor nerve supplies most extraocular muscles.,Oculomotor nerve,Trochlear nerve,Abducens nerve,Optic nerve,A,Answer: Oculomotor nerve. Remember this association for NEET-PG/FMGE.
429,Anatomy,Head & neck,Which of the following is correct? The parotid duct crosses the masseter before piercing buccinator.,Parotid duct,Submandibular duct,Nasolacrimal duct,Wharton's duct,A,Correct answer: Parotid duct. This is a high-yield anatomy fact.
430,Anatomy,Head & neck,Which structure is associated with this statement: The parotid duct crosses the masseter before piercing buccinator.,Parotid duct,Submandibular duct,Nasolacrimal duct,Wharton's duct,A,The structure is Parotid duct.
431,Anatomy,Head & neck,A medical student is asked in a viva: The parotid duct crosses the masseter before piercing buccinator. Which option should be selected?,Parotid duct,Submandibular duct,Nasolacrimal duct,Wharton's duct,A,High-yield point: Parotid duct.
432,Anatomy,Head & neck,Which option best matches the following anatomy clue? The parotid duct crosses the masseter before piercing buccinator.,Parotid duct,Submandibular duct,Nasolacrimal duct,Wharton's duct,A,Answer: Parotid duct. Remember this association for NEET-PG/FMGE.
433,Anatomy,Head & neck,Which of the following is correct? The submandibular duct opens beside the frenulum of the tongue.,Submandibular duct,Parotid duct,Nasolacrimal duct,Sublingual duct only,A,Correct answer: Submandibular duct. This is a high-yield anatomy fact.
434,Anatomy,Head & neck,Which structure is associated with this statement: The submandibular duct opens beside the frenulum of the tongue.,Submandibular duct,Parotid duct,Nasolacrimal duct,Sublingual duct only,A,The structure is Submandibular duct.
435,Anatomy,Head & neck,A medical student is asked in a viva: The submandibular duct opens beside the frenulum of the tongue. Which option should be selected?,Submandibular duct,Parotid duct,Nasolacrimal duct,Sublingual duct only,A,High-yield point: Submandibular duct.
436,Anatomy,Head & neck,Which option best matches the following anatomy clue? The submandibular duct opens beside the frenulum of the tongue.,Submandibular duct,Parotid duct,Nasolacrimal duct,Sublingual duct only,A,Answer: Submandibular duct. Remember this association for NEET-PG/FMGE.
437,Anatomy,Head & neck,Which of the following is correct? The maxillary sinus drains into the middle meatus.,Middle meatus,Superior meatus,Inferior meatus,Sphenoethmoidal recess,A,Correct answer: Middle meatus. This is a high-yield anatomy fact.
438,Anatomy,Head & neck,Which structure is associated with this statement: The maxillary sinus drains into the middle meatus.,Middle meatus,Superior meatus,Inferior meatus,Sphenoethmoidal recess,A,The structure is Middle meatus.
439,Anatomy,Head & neck,A medical student is asked in a viva: The maxillary sinus drains into the middle meatus. Which option should be selected?,Middle meatus,Superior meatus,Inferior meatus,Sphenoethmoidal recess,A,High-yield point: Middle meatus.
440,Anatomy,Head & neck,Which option best matches the following anatomy clue? The maxillary sinus drains into the middle meatus.,Middle meatus,Superior meatus,Inferior meatus,Sphenoethmoidal recess,A,Answer: Middle meatus. Remember this association for NEET-PG/FMGE.
441,Anatomy,Head & neck,Which of the following is correct? The nasolacrimal duct drains into the inferior meatus.,Inferior meatus,Middle meatus,Superior meatus,Sphenoethmoidal recess,A,Correct answer: Inferior meatus. This is a high-yield anatomy fact.
442,Anatomy,Head & neck,Which structure is associated with this statement: The nasolacrimal duct drains into the inferior meatus.,Inferior meatus,Middle meatus,Superior meatus,Sphenoethmoidal recess,A,The structure is Inferior meatus.
443,Anatomy,Head & neck,A medical student is asked in a viva: The nasolacrimal duct drains into the inferior meatus. Which option should be selected?,Inferior meatus,Middle meatus,Superior meatus,Sphenoethmoidal recess,A,High-yield point: Inferior meatus.
444,Anatomy,Head & neck,Which option best matches the following anatomy clue? The nasolacrimal duct drains into the inferior meatus.,Inferior meatus,Middle meatus,Superior meatus,Sphenoethmoidal recess,A,Answer: Inferior meatus. Remember this association for NEET-PG/FMGE.
445,Anatomy,Neuroanatomy,Which of the following is correct? The corticospinal tract decussates mainly at the pyramidal decussation in the caudal medulla.,Pyramidal decussation,Anterior white commissure,Optic chiasm,Superior colliculus,A,Correct answer: Pyramidal decussation. This is a high-yield anatomy fact.
446,Anatomy,Neuroanatomy,Which structure is associated with this statement: The corticospinal tract decussates mainly at the pyramidal decussation in the caudal medulla.,Pyramidal decussation,Anterior white commissure,Optic chiasm,Superior colliculus,A,The structure is Pyramidal decussation.
447,Anatomy,Neuroanatomy,A medical student is asked in a viva: The corticospinal tract decussates mainly at the pyramidal decussation in the caudal medulla. Which option should be selected?,Pyramidal decussation,Anterior white commissure,Optic chiasm,Superior colliculus,A,High-yield point: Pyramidal decussation.
448,Anatomy,Neuroanatomy,Which option best matches the following anatomy clue? The corticospinal tract decussates mainly at the pyramidal decussation in the caudal medulla.,Pyramidal decussation,Anterior white commissure,Optic chiasm,Superior colliculus,A,Answer: Pyramidal decussation. Remember this association for NEET-PG/FMGE.
449,Anatomy,Neuroanatomy,"Which of the following is correct? The medial lemniscus carries fine touch, vibration and conscious proprioception.",Medial lemniscus,Spinothalamic tract,Corticospinal tract,Spinocerebellar tract,A,Correct answer: Medial lemniscus. This is a high-yield anatomy fact.
450,Anatomy,Neuroanatomy,"Which structure is associated with this statement: The medial lemniscus carries fine touch, vibration and conscious proprioception.",Medial lemniscus,Spinothalamic tract,Corticospinal tract,Spinocerebellar tract,A,The structure is Medial lemniscus.
451,Anatomy,Neuroanatomy,"A medical student is asked in a viva: The medial lemniscus carries fine touch, vibration and conscious proprioception. Which option should be selected?",Medial lemniscus,Spinothalamic tract,Corticospinal tract,Spinocerebellar tract,A,High-yield point: Medial lemniscus.
452,Anatomy,Neuroanatomy,"Which option best matches the following anatomy clue? The medial lemniscus carries fine touch, vibration and conscious proprioception.",Medial lemniscus,Spinothalamic tract,Corticospinal tract,Spinocerebellar tract,A,Answer: Medial lemniscus. Remember this association for NEET-PG/FMGE.
453,Anatomy,Neuroanatomy,Which of the following is correct? The spinothalamic tract carries pain and temperature.,Spinothalamic tract,Dorsal column,Medial lemniscus,Corticospinal tract,A,Correct answer: Spinothalamic tract. This is a high-yield anatomy fact.
454,Anatomy,Neuroanatomy,Which structure is associated with this statement: The spinothalamic tract carries pain and temperature.,Spinothalamic tract,Dorsal column,Medial lemniscus,Corticospinal tract,A,The structure is Spinothalamic tract.
455,Anatomy,Neuroanatomy,A medical student is asked in a viva: The spinothalamic tract carries pain and temperature. Which option should be selected?,Spinothalamic tract,Dorsal column,Medial lemniscus,Corticospinal tract,A,High-yield point: Spinothalamic tract.
456,Anatomy,Neuroanatomy,Which option best matches the following anatomy clue? The spinothalamic tract carries pain and temperature.,Spinothalamic tract,Dorsal column,Medial lemniscus,Corticospinal tract,A,Answer: Spinothalamic tract. Remember this association for NEET-PG/FMGE.
457,Anatomy,Neuroanatomy,"Which of the following is correct? The dorsal columns carry vibration, fine touch and conscious proprioception.",Dorsal columns,Spinothalamic tract,Corticospinal tract,Rubrospinal tract,A,Correct answer: Dorsal columns. This is a high-yield anatomy fact.
458,Anatomy,Neuroanatomy,"Which structure is associated with this statement: The dorsal columns carry vibration, fine touch and conscious proprioception.",Dorsal columns,Spinothalamic tract,Corticospinal tract,Rubrospinal tract,A,The structure is Dorsal columns.
459,Anatomy,Neuroanatomy,"A medical student is asked in a viva: The dorsal columns carry vibration, fine touch and conscious proprioception. Which option should be selected?",Dorsal columns,Spinothalamic tract,Corticospinal tract,Rubrospinal tract,A,High-yield point: Dorsal columns.
460,Anatomy,Neuroanatomy,"Which option best matches the following anatomy clue? The dorsal columns carry vibration, fine touch and conscious proprioception.",Dorsal columns,Spinothalamic tract,Corticospinal tract,Rubrospinal tract,A,Answer: Dorsal columns. Remember this association for NEET-PG/FMGE.
461,Anatomy,Neuroanatomy,Which of the following is correct? The posterior columns ascend ipsilaterally in the spinal cord before synapsing in the medulla.,Posterior columns,Spinothalamic tract,Corticospinal tract,Vestibulospinal tract,A,Correct answer: Posterior columns. This is a high-yield anatomy fact.
462,Anatomy,Neuroanatomy,Which structure is associated with this statement: The posterior columns ascend ipsilaterally in the spinal cord before synapsing in the medulla.,Posterior columns,Spinothalamic tract,Corticospinal tract,Vestibulospinal tract,A,The structure is Posterior columns.
463,Anatomy,Neuroanatomy,A medical student is asked in a viva: The posterior columns ascend ipsilaterally in the spinal cord before synapsing in the medulla. Which option should be selected?,Posterior columns,Spinothalamic tract,Corticospinal tract,Vestibulospinal tract,A,High-yield point: Posterior columns.
464,Anatomy,Neuroanatomy,Which option best matches the following anatomy clue? The posterior columns ascend ipsilaterally in the spinal cord before synapsing in the medulla.,Posterior columns,Spinothalamic tract,Corticospinal tract,Vestibulospinal tract,A,Answer: Posterior columns. Remember this association for NEET-PG/FMGE.
465,Anatomy,Neuroanatomy,Which of the following is correct? The internal capsule contains major ascending and descending projection fibers.,Internal capsule,Corpus callosum,Fornix,Anterior commissure,A,Correct answer: Internal capsule. This is a high-yield anatomy fact.
466,Anatomy,Neuroanatomy,Which structure is associated with this statement: The internal capsule contains major ascending and descending projection fibers.,Internal capsule,Corpus callosum,Fornix,Anterior commissure,A,The structure is Internal capsule.
467,Anatomy,Neuroanatomy,A medical student is asked in a viva: The internal capsule contains major ascending and descending projection fibers. Which option should be selected?,Internal capsule,Corpus callosum,Fornix,Anterior commissure,A,High-yield point: Internal capsule.
468,Anatomy,Neuroanatomy,Which option best matches the following anatomy clue? The internal capsule contains major ascending and descending projection fibers.,Internal capsule,Corpus callosum,Fornix,Anterior commissure,A,Answer: Internal capsule. Remember this association for NEET-PG/FMGE.
469,Anatomy,Neuroanatomy,Which of the following is correct? The genu of the internal capsule contains corticobulbar fibers.,Genu,Anterior limb,Posterior limb,Retrolentiform part,A,Correct answer: Genu. This is a high-yield anatomy fact.
470,Anatomy,Neuroanatomy,Which structure is associated with this statement: The genu of the internal capsule contains corticobulbar fibers.,Genu,Anterior limb,Posterior limb,Retrolentiform part,A,The structure is Genu.
471,Anatomy,Neuroanatomy,A medical student is asked in a viva: The genu of the internal capsule contains corticobulbar fibers. Which option should be selected?,Genu,Anterior limb,Posterior limb,Retrolentiform part,A,High-yield point: Genu.
472,Anatomy,Neuroanatomy,Which option best matches the following anatomy clue? The genu of the internal capsule contains corticobulbar fibers.,Genu,Anterior limb,Posterior limb,Retrolentiform part,A,Answer: Genu. Remember this association for NEET-PG/FMGE.
473,Anatomy,Neuroanatomy,Which of the following is correct? The posterior limb of the internal capsule contains corticospinal fibers.,Posterior limb,Genu,Anterior limb,External capsule,A,Correct answer: Posterior limb. This is a high-yield anatomy fact.
474,Anatomy,Neuroanatomy,Which structure is associated with this statement: The posterior limb of the internal capsule contains corticospinal fibers.,Posterior limb,Genu,Anterior limb,External capsule,A,The structure is Posterior limb.
475,Anatomy,Neuroanatomy,A medical student is asked in a viva: The posterior limb of the internal capsule contains corticospinal fibers. Which option should be selected?,Posterior limb,Genu,Anterior limb,External capsule,A,High-yield point: Posterior limb.
476,Anatomy,Neuroanatomy,Which option best matches the following anatomy clue? The posterior limb of the internal capsule contains corticospinal fibers.,Posterior limb,Genu,Anterior limb,External capsule,A,Answer: Posterior limb. Remember this association for NEET-PG/FMGE.
477,Anatomy,Neuroanatomy,Which of the following is correct? The corpus callosum connects the two cerebral hemispheres.,Corpus callosum,Fornix,Internal capsule,Anterior commissure,A,Correct answer: Corpus callosum. This is a high-yield anatomy fact.
478,Anatomy,Neuroanatomy,Which structure is associated with this statement: The corpus callosum connects the two cerebral hemispheres.,Corpus callosum,Fornix,Internal capsule,Anterior commissure,A,The structure is Corpus callosum.
479,Anatomy,Neuroanatomy,A medical student is asked in a viva: The corpus callosum connects the two cerebral hemispheres. Which option should be selected?,Corpus callosum,Fornix,Internal capsule,Anterior commissure,A,High-yield point: Corpus callosum.
480,Anatomy,Neuroanatomy,Which option best matches the following anatomy clue? The corpus callosum connects the two cerebral hemispheres.,Corpus callosum,Fornix,Internal capsule,Anterior commissure,A,Answer: Corpus callosum. Remember this association for NEET-PG/FMGE.
481,Anatomy,Neuroanatomy,Which of the following is correct? The hippocampus is important for memory formation.,Hippocampus,Caudate nucleus,Putamen,Globus pallidus,A,Correct answer: Hippocampus. This is a high-yield anatomy fact.
482,Anatomy,Neuroanatomy,Which structure is associated with this statement: The hippocampus is important for memory formation.,Hippocampus,Caudate nucleus,Putamen,Globus pallidus,A,The structure is Hippocampus.
483,Anatomy,Neuroanatomy,A medical student is asked in a viva: The hippocampus is important for memory formation. Which option should be selected?,Hippocampus,Caudate nucleus,Putamen,Globus pallidus,A,High-yield point: Hippocampus.
484,Anatomy,Neuroanatomy,Which option best matches the following anatomy clue? The hippocampus is important for memory formation.,Hippocampus,Caudate nucleus,Putamen,Globus pallidus,A,Answer: Hippocampus. Remember this association for NEET-PG/FMGE.
485,Anatomy,Neuroanatomy,Which of the following is correct? The caudate nucleus is part of the basal ganglia.,Caudate nucleus,Thalamus,Hippocampus,Amygdala,A,Correct answer: Caudate nucleus. This is a high-yield anatomy fact.
486,Anatomy,Neuroanatomy,Which structure is associated with this statement: The caudate nucleus is part of the basal ganglia.,Caudate nucleus,Thalamus,Hippocampus,Amygdala,A,The structure is Caudate nucleus.
487,Anatomy,Neuroanatomy,A medical student is asked in a viva: The caudate nucleus is part of the basal ganglia. Which option should be selected?,Caudate nucleus,Thalamus,Hippocampus,Amygdala,A,High-yield point: Caudate nucleus.
488,Anatomy,Neuroanatomy,Which option best matches the following anatomy clue? The caudate nucleus is part of the basal ganglia.,Caudate nucleus,Thalamus,Hippocampus,Amygdala,A,Answer: Caudate nucleus. Remember this association for NEET-PG/FMGE.
489,Anatomy,Neuroanatomy,Which of the following is correct? The substantia nigra is located in the midbrain.,Midbrain,Pons,Medulla,Cerebellum,A,Correct answer: Midbrain. This is a high-yield anatomy fact.
490,Anatomy,Neuroanatomy,Which structure is associated with this statement: The substantia nigra is located in the midbrain.,Midbrain,Pons,Medulla,Cerebellum,A,The structure is Midbrain.
491,Anatomy,Neuroanatomy,A medical student is asked in a viva: The substantia nigra is located in the midbrain. Which option should be selected?,Midbrain,Pons,Medulla,Cerebellum,A,High-yield point: Midbrain.
492,Anatomy,Neuroanatomy,Which option best matches the following anatomy clue? The substantia nigra is located in the midbrain.,Midbrain,Pons,Medulla,Cerebellum,A,Answer: Midbrain. Remember this association for NEET-PG/FMGE.
493,Anatomy,Neuroanatomy,Which of the following is correct? The red nucleus is located in the midbrain.,Midbrain,Pons,Medulla,Thalamus,A,Correct answer: Midbrain. This is a high-yield anatomy fact.
494,Anatomy,Neuroanatomy,Which structure is associated with this statement: The red nucleus is located in the midbrain.,Midbrain,Pons,Medulla,Thalamus,A,The structure is Midbrain.
495,Anatomy,Neuroanatomy,A medical student is asked in a viva: The red nucleus is located in the midbrain. Which option should be selected?,Midbrain,Pons,Medulla,Thalamus,A,High-yield point: Midbrain.
496,Anatomy,Neuroanatomy,Which option best matches the following anatomy clue? The red nucleus is located in the midbrain.,Midbrain,Pons,Medulla,Thalamus,A,Answer: Midbrain. Remember this association for NEET-PG/FMGE.
497,Anatomy,Neuroanatomy,Which of the following is correct? The facial colliculus is located in the dorsal pons.,Pons,Midbrain,Medulla,Thalamus,A,Correct answer: Pons. This is a high-yield anatomy fact.
498,Anatomy,Neuroanatomy,Which structure is associated with this statement: The facial colliculus is located in the dorsal pons.,Pons,Midbrain,Medulla,Thalamus,A,The structure is Pons.
499,Anatomy,Neuroanatomy,A medical student is asked in a viva: The facial colliculus is located in the dorsal pons. Which option should be selected?,Pons,Midbrain,Medulla,Thalamus,A,High-yield point: Pons.
500,Anatomy,Neuroanatomy,Which option best matches the following anatomy clue? The facial colliculus is located in the dorsal pons.,Pons,Midbrain,Medulla,Thalamus,A,Answer: Pons. Remember this association for NEET-PG/FMGE.
501,Anatomy,Neuroanatomy,Which of the following is correct? The fourth ventricle lies between the pons/medulla and cerebellum.,Fourth ventricle,Third ventricle,Lateral ventricle,Cerebral aqueduct,A,Correct answer: Fourth ventricle. This is a high-yield anatomy fact.
502,Anatomy,Neuroanatomy,Which structure is associated with this statement: The fourth ventricle lies between the pons/medulla and cerebellum.,Fourth ventricle,Third ventricle,Lateral ventricle,Cerebral aqueduct,A,The structure is Fourth ventricle.
503,Anatomy,Neuroanatomy,A medical student is asked in a viva: The fourth ventricle lies between the pons/medulla and cerebellum. Which option should be selected?,Fourth ventricle,Third ventricle,Lateral ventricle,Cerebral aqueduct,A,High-yield point: Fourth ventricle.
504,Anatomy,Neuroanatomy,Which option best matches the following anatomy clue? The fourth ventricle lies between the pons/medulla and cerebellum.,Fourth ventricle,Third ventricle,Lateral ventricle,Cerebral aqueduct,A,Answer: Fourth ventricle. Remember this association for NEET-PG/FMGE.
505,Anatomy,Neuroanatomy,Which of the following is correct? The cerebral aqueduct connects the third and fourth ventricles.,Cerebral aqueduct,Foramen of Monro,Foramen of Magendie,Central canal,A,Correct answer: Cerebral aqueduct. This is a high-yield anatomy fact.
506,Anatomy,Neuroanatomy,Which structure is associated with this statement: The cerebral aqueduct connects the third and fourth ventricles.,Cerebral aqueduct,Foramen of Monro,Foramen of Magendie,Central canal,A,The structure is Cerebral aqueduct.
507,Anatomy,Neuroanatomy,A medical student is asked in a viva: The cerebral aqueduct connects the third and fourth ventricles. Which option should be selected?,Cerebral aqueduct,Foramen of Monro,Foramen of Magendie,Central canal,A,High-yield point: Cerebral aqueduct.
508,Anatomy,Neuroanatomy,Which option best matches the following anatomy clue? The cerebral aqueduct connects the third and fourth ventricles.,Cerebral aqueduct,Foramen of Monro,Foramen of Magendie,Central canal,A,Answer: Cerebral aqueduct. Remember this association for NEET-PG/FMGE.
509,Anatomy,Neuroanatomy,Which of the following is correct? The foramen of Monro connects a lateral ventricle with the third ventricle.,Foramen of Monro,Cerebral aqueduct,Foramen of Magendie,Foramen of Luschka,A,Correct answer: Foramen of Monro. This is a high-yield anatomy fact.
510,Anatomy,Neuroanatomy,Which structure is associated with this statement: The foramen of Monro connects a lateral ventricle with the third ventricle.,Foramen of Monro,Cerebral aqueduct,Foramen of Magendie,Foramen of Luschka,A,The structure is Foramen of Monro.
511,Anatomy,Neuroanatomy,A medical student is asked in a viva: The foramen of Monro connects a lateral ventricle with the third ventricle. Which option should be selected?,Foramen of Monro,Cerebral aqueduct,Foramen of Magendie,Foramen of Luschka,A,High-yield point: Foramen of Monro.
512,Anatomy,Neuroanatomy,Which option best matches the following anatomy clue? The foramen of Monro connects a lateral ventricle with the third ventricle.,Foramen of Monro,Cerebral aqueduct,Foramen of Magendie,Foramen of Luschka,A,Answer: Foramen of Monro. Remember this association for NEET-PG/FMGE.
513,Anatomy,Neuroanatomy,Which of the following is correct? The foramen of Magendie is the median aperture of the fourth ventricle.,Foramen of Magendie,Foramen of Monro,Foramen of Luschka,Cerebral aqueduct,A,Correct answer: Foramen of Magendie. This is a high-yield anatomy fact.
514,Anatomy,Neuroanatomy,Which structure is associated with this statement: The foramen of Magendie is the median aperture of the fourth ventricle.,Foramen of Magendie,Foramen of Monro,Foramen of Luschka,Cerebral aqueduct,A,The structure is Foramen of Magendie.
515,Anatomy,Neuroanatomy,A medical student is asked in a viva: The foramen of Magendie is the median aperture of the fourth ventricle. Which option should be selected?,Foramen of Magendie,Foramen of Monro,Foramen of Luschka,Cerebral aqueduct,A,High-yield point: Foramen of Magendie.
516,Anatomy,Neuroanatomy,Which option best matches the following anatomy clue? The foramen of Magendie is the median aperture of the fourth ventricle.,Foramen of Magendie,Foramen of Monro,Foramen of Luschka,Cerebral aqueduct,A,Answer: Foramen of Magendie. Remember this association for NEET-PG/FMGE.
517,Anatomy,Neuroanatomy,Which of the following is correct? The foramen of Luschka is a lateral aperture of the fourth ventricle.,Foramen of Luschka,Foramen of Monro,Foramen of Magendie,Cerebral aqueduct,A,Correct answer: Foramen of Luschka. This is a high-yield anatomy fact.
518,Anatomy,Neuroanatomy,Which structure is associated with this statement: The foramen of Luschka is a lateral aperture of the fourth ventricle.,Foramen of Luschka,Foramen of Monro,Foramen of Magendie,Cerebral aqueduct,A,The structure is Foramen of Luschka.
519,Anatomy,Neuroanatomy,A medical student is asked in a viva: The foramen of Luschka is a lateral aperture of the fourth ventricle. Which option should be selected?,Foramen of Luschka,Foramen of Monro,Foramen of Magendie,Cerebral aqueduct,A,High-yield point: Foramen of Luschka.
520,Anatomy,Neuroanatomy,Which option best matches the following anatomy clue? The foramen of Luschka is a lateral aperture of the fourth ventricle.,Foramen of Luschka,Foramen of Monro,Foramen of Magendie,Cerebral aqueduct,A,Answer: Foramen of Luschka. Remember this association for NEET-PG/FMGE.
521,Anatomy,Neuroanatomy,Which of the following is correct? Cerebrospinal fluid is produced mainly by the choroid plexus.,Choroid plexus,Arachnoid granulations,Dural sinuses,Ependymal cells only,A,Correct answer: Choroid plexus. This is a high-yield anatomy fact.
522,Anatomy,Neuroanatomy,Which structure is associated with this statement: Cerebrospinal fluid is produced mainly by the choroid plexus.,Choroid plexus,Arachnoid granulations,Dural sinuses,Ependymal cells only,A,The structure is Choroid plexus.
523,Anatomy,Neuroanatomy,A medical student is asked in a viva: Cerebrospinal fluid is produced mainly by the choroid plexus. Which option should be selected?,Choroid plexus,Arachnoid granulations,Dural sinuses,Ependymal cells only,A,High-yield point: Choroid plexus.
524,Anatomy,Neuroanatomy,Which option best matches the following anatomy clue? Cerebrospinal fluid is produced mainly by the choroid plexus.,Choroid plexus,Arachnoid granulations,Dural sinuses,Ependymal cells only,A,Answer: Choroid plexus. Remember this association for NEET-PG/FMGE.
525,Anatomy,Neuroanatomy,Which of the following is correct? CSF is mainly reabsorbed through arachnoid granulations into dural venous sinuses.,Arachnoid granulations,Choroid plexus,Pia mater,Ependymal canal,A,Correct answer: Arachnoid granulations. This is a high-yield anatomy fact.
526,Anatomy,Neuroanatomy,Which structure is associated with this statement: CSF is mainly reabsorbed through arachnoid granulations into dural venous sinuses.,Arachnoid granulations,Choroid plexus,Pia mater,Ependymal canal,A,The structure is Arachnoid granulations.
527,Anatomy,Neuroanatomy,A medical student is asked in a viva: CSF is mainly reabsorbed through arachnoid granulations into dural venous sinuses. Which option should be selected?,Arachnoid granulations,Choroid plexus,Pia mater,Ependymal canal,A,High-yield point: Arachnoid granulations.
528,Anatomy,Neuroanatomy,Which option best matches the following anatomy clue? CSF is mainly reabsorbed through arachnoid granulations into dural venous sinuses.,Arachnoid granulations,Choroid plexus,Pia mater,Ependymal canal,A,Answer: Arachnoid granulations. Remember this association for NEET-PG/FMGE.
529,Anatomy,Neuroanatomy,Which of the following is correct? The cavernous sinus is located on either side of the sella turcica.,Cavernous sinus,Straight sinus,Superior sagittal sinus,Sigmoid sinus,A,Correct answer: Cavernous sinus. This is a high-yield anatomy fact.
530,Anatomy,Neuroanatomy,Which structure is associated with this statement: The cavernous sinus is located on either side of the sella turcica.,Cavernous sinus,Straight sinus,Superior sagittal sinus,Sigmoid sinus,A,The structure is Cavernous sinus.
531,Anatomy,Neuroanatomy,A medical student is asked in a viva: The cavernous sinus is located on either side of the sella turcica. Which option should be selected?,Cavernous sinus,Straight sinus,Superior sagittal sinus,Sigmoid sinus,A,High-yield point: Cavernous sinus.
532,Anatomy,Neuroanatomy,Which option best matches the following anatomy clue? The cavernous sinus is located on either side of the sella turcica.,Cavernous sinus,Straight sinus,Superior sagittal sinus,Sigmoid sinus,A,Answer: Cavernous sinus. Remember this association for NEET-PG/FMGE.
533,Anatomy,Neuroanatomy,Which of the following is correct? The internal carotid artery passes through the cavernous sinus.,Internal carotid artery,External carotid artery,Middle meningeal artery,Vertebral artery,A,Correct answer: Internal carotid artery. This is a high-yield anatomy fact.
534,Anatomy,Neuroanatomy,Which structure is associated with this statement: The internal carotid artery passes through the cavernous sinus.,Internal carotid artery,External carotid artery,Middle meningeal artery,Vertebral artery,A,The structure is Internal carotid artery.
535,Anatomy,Neuroanatomy,A medical student is asked in a viva: The internal carotid artery passes through the cavernous sinus. Which option should be selected?,Internal carotid artery,External carotid artery,Middle meningeal artery,Vertebral artery,A,High-yield point: Internal carotid artery.
536,Anatomy,Neuroanatomy,Which option best matches the following anatomy clue? The internal carotid artery passes through the cavernous sinus.,Internal carotid artery,External carotid artery,Middle meningeal artery,Vertebral artery,A,Answer: Internal carotid artery. Remember this association for NEET-PG/FMGE.
537,Anatomy,Neuroanatomy,Which of the following is correct? The ophthalmic and maxillary divisions of the trigeminal nerve are related to the cavernous sinus.,V1 and V2,V2 and V3,V3 only,Facial and vestibulocochlear nerves,A,Correct answer: V1 and V2. This is a high-yield anatomy fact.
538,Anatomy,Neuroanatomy,Which structure is associated with this statement: The ophthalmic and maxillary divisions of the trigeminal nerve are related to the cavernous sinus.,V1 and V2,V2 and V3,V3 only,Facial and vestibulocochlear nerves,A,The structure is V1 and V2.
539,Anatomy,Neuroanatomy,A medical student is asked in a viva: The ophthalmic and maxillary divisions of the trigeminal nerve are related to the cavernous sinus. Which option should be selected?,V1 and V2,V2 and V3,V3 only,Facial and vestibulocochlear nerves,A,High-yield point: V1 and V2.
540,Anatomy,Neuroanatomy,Which option best matches the following anatomy clue? The ophthalmic and maxillary divisions of the trigeminal nerve are related to the cavernous sinus.,V1 and V2,V2 and V3,V3 only,Facial and vestibulocochlear nerves,A,Answer: V1 and V2. Remember this association for NEET-PG/FMGE.
541,Anatomy,Neuroanatomy,Which of the following is correct? The cerebellum coordinates movement and maintains balance.,Cerebellum,Thalamus,Hypothalamus,Medulla,A,Correct answer: Cerebellum. This is a high-yield anatomy fact.
542,Anatomy,Neuroanatomy,Which structure is associated with this statement: The cerebellum coordinates movement and maintains balance.,Cerebellum,Thalamus,Hypothalamus,Medulla,A,The structure is Cerebellum.
543,Anatomy,Neuroanatomy,A medical student is asked in a viva: The cerebellum coordinates movement and maintains balance. Which option should be selected?,Cerebellum,Thalamus,Hypothalamus,Medulla,A,High-yield point: Cerebellum.
544,Anatomy,Neuroanatomy,Which option best matches the following anatomy clue? The cerebellum coordinates movement and maintains balance.,Cerebellum,Thalamus,Hypothalamus,Medulla,A,Answer: Cerebellum. Remember this association for NEET-PG/FMGE.
545,Anatomy,Histology,Which of the following is correct? The epidermis is lined by keratinized stratified squamous epithelium.,Keratinized stratified squamous epithelium,Simple squamous epithelium,Simple cuboidal epithelium,Transitional epithelium,A,Correct answer: Keratinized stratified squamous epithelium. This is a high-yield anatomy fact.
546,Anatomy,Histology,Which structure is associated with this statement: The epidermis is lined by keratinized stratified squamous epithelium.,Keratinized stratified squamous epithelium,Simple squamous epithelium,Simple cuboidal epithelium,Transitional epithelium,A,The structure is Keratinized stratified squamous epithelium.
547,Anatomy,Histology,A medical student is asked in a viva: The epidermis is lined by keratinized stratified squamous epithelium. Which option should be selected?,Keratinized stratified squamous epithelium,Simple squamous epithelium,Simple cuboidal epithelium,Transitional epithelium,A,High-yield point: Keratinized stratified squamous epithelium.
548,Anatomy,Histology,Which option best matches the following anatomy clue? The epidermis is lined by keratinized stratified squamous epithelium.,Keratinized stratified squamous epithelium,Simple squamous epithelium,Simple cuboidal epithelium,Transitional epithelium,A,Answer: Keratinized stratified squamous epithelium. Remember this association for NEET-PG/FMGE.
549,Anatomy,Histology,Which of the following is correct? The urinary bladder is lined by transitional epithelium (urothelium).,Transitional epithelium,Simple squamous epithelium,Keratinized stratified squamous epithelium,Pseudostratified columnar epithelium,A,Correct answer: Transitional epithelium. This is a high-yield anatomy fact.
550,Anatomy,Histology,Which structure is associated with this statement: The urinary bladder is lined by transitional epithelium (urothelium).,Transitional epithelium,Simple squamous epithelium,Keratinized stratified squamous epithelium,Pseudostratified columnar epithelium,A,The structure is Transitional epithelium.
551,Anatomy,Histology,A medical student is asked in a viva: The urinary bladder is lined by transitional epithelium (urothelium). Which option should be selected?,Transitional epithelium,Simple squamous epithelium,Keratinized stratified squamous epithelium,Pseudostratified columnar epithelium,A,High-yield point: Transitional epithelium.
552,Anatomy,Histology,Which option best matches the following anatomy clue? The urinary bladder is lined by transitional epithelium (urothelium).,Transitional epithelium,Simple squamous epithelium,Keratinized stratified squamous epithelium,Pseudostratified columnar epithelium,A,Answer: Transitional epithelium. Remember this association for NEET-PG/FMGE.
553,Anatomy,Histology,Which of the following is correct? The trachea is lined by pseudostratified ciliated columnar epithelium.,Pseudostratified ciliated columnar epithelium,Simple squamous epithelium,Simple cuboidal epithelium,Stratified cuboidal epithelium,A,Correct answer: Pseudostratified ciliated columnar epithelium. This is a high-yield anatomy fact.
554,Anatomy,Histology,Which structure is associated with this statement: The trachea is lined by pseudostratified ciliated columnar epithelium.,Pseudostratified ciliated columnar epithelium,Simple squamous epithelium,Simple cuboidal epithelium,Stratified cuboidal epithelium,A,The structure is Pseudostratified ciliated columnar epithelium.
555,Anatomy,Histology,A medical student is asked in a viva: The trachea is lined by pseudostratified ciliated columnar epithelium. Which option should be selected?,Pseudostratified ciliated columnar epithelium,Simple squamous epithelium,Simple cuboidal epithelium,Stratified cuboidal epithelium,A,High-yield point: Pseudostratified ciliated columnar epithelium.
556,Anatomy,Histology,Which option best matches the following anatomy clue? The trachea is lined by pseudostratified ciliated columnar epithelium.,Pseudostratified ciliated columnar epithelium,Simple squamous epithelium,Simple cuboidal epithelium,Stratified cuboidal epithelium,A,Answer: Pseudostratified ciliated columnar epithelium. Remember this association for NEET-PG/FMGE.
557,Anatomy,Histology,"Which of the following is correct? Alveoli are lined predominantly by type I pneumocytes, which are simple squamous cells.",Type I pneumocytes,Type II pneumocytes,Ciliated columnar cells,Goblet cells,A,Correct answer: Type I pneumocytes. This is a high-yield anatomy fact.
558,Anatomy,Histology,"Which structure is associated with this statement: Alveoli are lined predominantly by type I pneumocytes, which are simple squamous cells.",Type I pneumocytes,Type II pneumocytes,Ciliated columnar cells,Goblet cells,A,The structure is Type I pneumocytes.
559,Anatomy,Histology,"A medical student is asked in a viva: Alveoli are lined predominantly by type I pneumocytes, which are simple squamous cells. Which option should be selected?",Type I pneumocytes,Type II pneumocytes,Ciliated columnar cells,Goblet cells,A,High-yield point: Type I pneumocytes.
560,Anatomy,Histology,"Which option best matches the following anatomy clue? Alveoli are lined predominantly by type I pneumocytes, which are simple squamous cells.",Type I pneumocytes,Type II pneumocytes,Ciliated columnar cells,Goblet cells,A,Answer: Type I pneumocytes. Remember this association for NEET-PG/FMGE.
561,Anatomy,Histology,Which of the following is correct? Type II pneumocytes produce pulmonary surfactant.,Type II pneumocytes,Type I pneumocytes,Alveolar macrophages,Club cells,A,Correct answer: Type II pneumocytes. This is a high-yield anatomy fact.
562,Anatomy,Histology,Which structure is associated with this statement: Type II pneumocytes produce pulmonary surfactant.,Type II pneumocytes,Type I pneumocytes,Alveolar macrophages,Club cells,A,The structure is Type II pneumocytes.
563,Anatomy,Histology,A medical student is asked in a viva: Type II pneumocytes produce pulmonary surfactant. Which option should be selected?,Type II pneumocytes,Type I pneumocytes,Alveolar macrophages,Club cells,A,High-yield point: Type II pneumocytes.
564,Anatomy,Histology,Which option best matches the following anatomy clue? Type II pneumocytes produce pulmonary surfactant.,Type II pneumocytes,Type I pneumocytes,Alveolar macrophages,Club cells,A,Answer: Type II pneumocytes. Remember this association for NEET-PG/FMGE.
565,Anatomy,Histology,Which of the following is correct? The thyroid follicles are lined by follicular cells and contain colloid.,Thyroid follicles,Pancreatic acini,Renal glomeruli,Hepatic sinusoids,A,Correct answer: Thyroid follicles. This is a high-yield anatomy fact.
566,Anatomy,Histology,Which structure is associated with this statement: The thyroid follicles are lined by follicular cells and contain colloid.,Thyroid follicles,Pancreatic acini,Renal glomeruli,Hepatic sinusoids,A,The structure is Thyroid follicles.
567,Anatomy,Histology,A medical student is asked in a viva: The thyroid follicles are lined by follicular cells and contain colloid. Which option should be selected?,Thyroid follicles,Pancreatic acini,Renal glomeruli,Hepatic sinusoids,A,High-yield point: Thyroid follicles.
568,Anatomy,Histology,Which option best matches the following anatomy clue? The thyroid follicles are lined by follicular cells and contain colloid.,Thyroid follicles,Pancreatic acini,Renal glomeruli,Hepatic sinusoids,A,Answer: Thyroid follicles. Remember this association for NEET-PG/FMGE.
569,Anatomy,Histology,Which of the following is correct? The renal glomerulus is a tuft of fenestrated capillaries.,Fenestrated capillaries,Continuous capillaries,Sinusoids,Lymphatic channels,A,Correct answer: Fenestrated capillaries. This is a high-yield anatomy fact.
570,Anatomy,Histology,Which structure is associated with this statement: The renal glomerulus is a tuft of fenestrated capillaries.,Fenestrated capillaries,Continuous capillaries,Sinusoids,Lymphatic channels,A,The structure is Fenestrated capillaries.
571,Anatomy,Histology,A medical student is asked in a viva: The renal glomerulus is a tuft of fenestrated capillaries. Which option should be selected?,Fenestrated capillaries,Continuous capillaries,Sinusoids,Lymphatic channels,A,High-yield point: Fenestrated capillaries.
572,Anatomy,Histology,Which option best matches the following anatomy clue? The renal glomerulus is a tuft of fenestrated capillaries.,Fenestrated capillaries,Continuous capillaries,Sinusoids,Lymphatic channels,A,Answer: Fenestrated capillaries. Remember this association for NEET-PG/FMGE.
573,Anatomy,Histology,Which of the following is correct? The liver is organized into classic lobules centered on a central vein.,Central vein,Portal vein only,Hepatic artery only,Bile duct only,A,Correct answer: Central vein. This is a high-yield anatomy fact.
574,Anatomy,Histology,Which structure is associated with this statement: The liver is organized into classic lobules centered on a central vein.,Central vein,Portal vein only,Hepatic artery only,Bile duct only,A,The structure is Central vein.
575,Anatomy,Histology,A medical student is asked in a viva: The liver is organized into classic lobules centered on a central vein. Which option should be selected?,Central vein,Portal vein only,Hepatic artery only,Bile duct only,A,High-yield point: Central vein.
576,Anatomy,Histology,Which option best matches the following anatomy clue? The liver is organized into classic lobules centered on a central vein.,Central vein,Portal vein only,Hepatic artery only,Bile duct only,A,Answer: Central vein. Remember this association for NEET-PG/FMGE.
577,Anatomy,Histology,Which of the following is correct? The cardiac muscle cell is characterized by intercalated discs.,Intercalated discs,Brush border,Keratin pearls,Goblet cells,A,Correct answer: Intercalated discs. This is a high-yield anatomy fact.
578,Anatomy,Histology,Which structure is associated with this statement: The cardiac muscle cell is characterized by intercalated discs.,Intercalated discs,Brush border,Keratin pearls,Goblet cells,A,The structure is Intercalated discs.
579,Anatomy,Histology,A medical student is asked in a viva: The cardiac muscle cell is characterized by intercalated discs. Which option should be selected?,Intercalated discs,Brush border,Keratin pearls,Goblet cells,A,High-yield point: Intercalated discs.
580,Anatomy,Histology,Which option best matches the following anatomy clue? The cardiac muscle cell is characterized by intercalated discs.,Intercalated discs,Brush border,Keratin pearls,Goblet cells,A,Answer: Intercalated discs. Remember this association for NEET-PG/FMGE.
581,Anatomy,Histology,Which of the following is correct? Skeletal muscle fibers are multinucleated with peripheral nuclei.,Skeletal muscle,Cardiac muscle,Smooth muscle,Nervous tissue,A,Correct answer: Skeletal muscle. This is a high-yield anatomy fact.
582,Anatomy,Histology,Which structure is associated with this statement: Skeletal muscle fibers are multinucleated with peripheral nuclei.,Skeletal muscle,Cardiac muscle,Smooth muscle,Nervous tissue,A,The structure is Skeletal muscle.
583,Anatomy,Histology,A medical student is asked in a viva: Skeletal muscle fibers are multinucleated with peripheral nuclei. Which option should be selected?,Skeletal muscle,Cardiac muscle,Smooth muscle,Nervous tissue,A,High-yield point: Skeletal muscle.
584,Anatomy,Histology,Which option best matches the following anatomy clue? Skeletal muscle fibers are multinucleated with peripheral nuclei.,Skeletal muscle,Cardiac muscle,Smooth muscle,Nervous tissue,A,Answer: Skeletal muscle. Remember this association for NEET-PG/FMGE.
585,Anatomy,Bones & joints,"In an anatomy examination, which option correctly identifies the key structure in this statement? The strongest ligament of the hip joint is the iliofemoral ligament.",Ischiofemoral ligament,Iliofemoral ligament,Pubofemoral ligament,Ligamentum teres,B,Correct answer: Iliofemoral ligament. This is a high-yield anatomy fact.
586,Anatomy,Bones & joints,"In an anatomy examination, which option correctly identifies the key structure in this statement? Which structure is associated with this statement: The strongest ligament of the hip joint is the iliofemoral ligament.",Ischiofemoral ligament,Iliofemoral ligament,Pubofemoral ligament,Ligamentum teres,B,The structure is Iliofemoral ligament.
587,Anatomy,Bones & joints,"In an anatomy examination, which option correctly identifies the key structure in this statement? A medical student is asked in a viva: The strongest ligament of the hip joint is the iliofemoral ligament. Which option should be selected?",Ischiofemoral ligament,Iliofemoral ligament,Pubofemoral ligament,Ligamentum teres,B,High-yield point: Iliofemoral ligament.
588,Anatomy,Bones & joints,"In an anatomy examination, which option correctly identifies the key structure in this statement? The strongest ligament of the hip joint is the iliofemoral ligament.",Ischiofemoral ligament,Iliofemoral ligament,Pubofemoral ligament,Ligamentum teres,B,Answer: Iliofemoral ligament. Remember this association for NEET-PG/FMGE.
589,Anatomy,Bones & joints,"In an anatomy examination, which option correctly identifies the key structure in this statement? The anatomical neck of the humerus is closely related to the axillary nerve.",Median nerve,Axillary nerve,Radial nerve,Ulnar nerve,B,Correct answer: Axillary nerve. This is a high-yield anatomy fact.
590,Anatomy,Bones & joints,"In an anatomy examination, which option correctly identifies the key structure in this statement? Which structure is associated with this statement: The anatomical neck of the humerus is closely related to the axillary nerve.",Median nerve,Axillary nerve,Radial nerve,Ulnar nerve,B,The structure is Axillary nerve.
591,Anatomy,Bones & joints,"In an anatomy examination, which option correctly identifies the key structure in this statement? A medical student is asked in a viva: The anatomical neck of the humerus is closely related to the axillary nerve. Which option should be selected?",Median nerve,Axillary nerve,Radial nerve,Ulnar nerve,B,High-yield point: Axillary nerve.
592,Anatomy,Bones & joints,"In an anatomy examination, which option correctly identifies the key structure in this statement? The anatomical neck of the humerus is closely related to the axillary nerve.",Median nerve,Axillary nerve,Radial nerve,Ulnar nerve,B,Answer: Axillary nerve. Remember this association for NEET-PG/FMGE.
593,Anatomy,Bones & joints,"In an anatomy examination, which option correctly identifies the key structure in this statement? The surgical neck of the humerus is commonly associated with injury to the axillary nerve.",Ulnar nerve,Axillary nerve,Musculocutaneous nerve,Median nerve,B,Correct answer: Axillary nerve. This is a high-yield anatomy fact.
594,Anatomy,Bones & joints,"In an anatomy examination, which option correctly identifies the key structure in this statement? Which structure is associated with this statement: The surgical neck of the humerus is commonly associated with injury to the axillary nerve.",Ulnar nerve,Axillary nerve,Musculocutaneous nerve,Median nerve,B,The structure is Axillary nerve.
595,Anatomy,Bones & joints,"In an anatomy examination, which option correctly identifies the key structure in this statement? A medical student is asked in a viva: The surgical neck of the humerus is commonly associated with injury to the axillary nerve. Which option should be selected?",Ulnar nerve,Axillary nerve,Musculocutaneous nerve,Median nerve,B,High-yield point: Axillary nerve.
596,Anatomy,Bones & joints,"In an anatomy examination, which option correctly identifies the key structure in this statement? The surgical neck of the humerus is commonly associated with injury to the axillary nerve.",Ulnar nerve,Axillary nerve,Musculocutaneous nerve,Median nerve,B,Answer: Axillary nerve. Remember this association for NEET-PG/FMGE.
597,Anatomy,Bones & joints,"In an anatomy examination, which option correctly identifies the key structure in this statement? The nerve most vulnerable in a fracture of the shaft of the humerus is the radial nerve.",Ulnar nerve,Radial nerve,Axillary nerve,Median nerve,B,Correct answer: Radial nerve. This is a high-yield anatomy fact.
598,Anatomy,Bones & joints,"In an anatomy examination, which option correctly identifies the key structure in this statement? Which structure is associated with this statement: The nerve most vulnerable in a fracture of the shaft of the humerus is the radial nerve.",Ulnar nerve,Radial nerve,Axillary nerve,Median nerve,B,The structure is Radial nerve.
599,Anatomy,Bones & joints,"In an anatomy examination, which option correctly identifies the key structure in this statement? A medical student is asked in a viva: The nerve most vulnerable in a fracture of the shaft of the humerus is the radial nerve. Which option should be selected?",Ulnar nerve,Radial nerve,Axillary nerve,Median nerve,B,High-yield point: Radial nerve.
600,Anatomy,Bones & joints,"In an anatomy examination, which option correctly identifies the key structure in this statement? The nerve most vulnerable in a fracture of the shaft of the humerus is the radial nerve.",Ulnar nerve,Radial nerve,Axillary nerve,Median nerve,B,Answer: Radial nerve. Remember this association for NEET-PG/FMGE.
601,Anatomy,Bones & joints,"In an anatomy examination, which option correctly identifies the key structure in this statement? The medial epicondyle of the humerus is related to the ulnar nerve.",Median nerve,Ulnar nerve,Radial nerve,Musculocutaneous nerve,B,Correct answer: Ulnar nerve. This is a high-yield anatomy fact.
602,Anatomy,Bones & joints,"In an anatomy examination, which option correctly identifies the key structure in this statement? Which structure is associated with this statement: The medial epicondyle of the humerus is related to the ulnar nerve.",Median nerve,Ulnar nerve,Radial nerve,Musculocutaneous nerve,B,The structure is Ulnar nerve.
603,Anatomy,Bones & joints,"In an anatomy examination, which option correctly identifies the key structure in this statement? A medical student is asked in a viva: The medial epicondyle of the humerus is related to the ulnar nerve. Which option should be selected?",Median nerve,Ulnar nerve,Radial nerve,Musculocutaneous nerve,B,High-yield point: Ulnar nerve.
604,Anatomy,Bones & joints,"In an anatomy examination, which option correctly identifies the key structure in this statement? The medial epicondyle of the humerus is related to the ulnar nerve.",Median nerve,Ulnar nerve,Radial nerve,Musculocutaneous nerve,B,Answer: Ulnar nerve. Remember this association for NEET-PG/FMGE.
605,Anatomy,Bones & joints,"In an anatomy examination, which option correctly identifies the key structure in this statement? The anatomical snuffbox contains the radial artery.",Brachial artery,Radial artery,Ulnar artery,Anterior interosseous artery,B,Correct answer: Radial artery. This is a high-yield anatomy fact.
606,Anatomy,Bones & joints,"In an anatomy examination, which option correctly identifies the key structure in this statement? Which structure is associated with this statement: The anatomical snuffbox contains the radial artery.",Brachial artery,Radial artery,Ulnar artery,Anterior interosseous artery,B,The structure is Radial artery.
607,Anatomy,Bones & joints,"In an anatomy examination, which option correctly identifies the key structure in this statement? A medical student is asked in a viva: The anatomical snuffbox contains the radial artery. Which option should be selected?",Brachial artery,Radial artery,Ulnar artery,Anterior interosseous artery,B,High-yield point: Radial artery.
608,Anatomy,Bones & joints,"In an anatomy examination, which option correctly identifies the key structure in this statement? The anatomical snuffbox contains the radial artery.",Brachial artery,Radial artery,Ulnar artery,Anterior interosseous artery,B,Answer: Radial artery. Remember this association for NEET-PG/FMGE.
609,Anatomy,Bones & joints,"In an anatomy examination, which option correctly identifies the key structure in this statement? The scaphoid is the most commonly fractured carpal bone.",Triquetrum,Scaphoid,Lunate,Pisiform,B,Correct answer: Scaphoid. This is a high-yield anatomy fact.
610,Anatomy,Bones & joints,"In an anatomy examination, which option correctly identifies the key structure in this statement? Which structure is associated with this statement: The scaphoid is the most commonly fractured carpal bone.",Triquetrum,Scaphoid,Lunate,Pisiform,B,The structure is Scaphoid.
611,Anatomy,Bones & joints,"In an anatomy examination, which option correctly identifies the key structure in this statement? A medical student is asked in a viva: The scaphoid is the most commonly fractured carpal bone. Which option should be selected?",Triquetrum,Scaphoid,Lunate,Pisiform,B,High-yield point: Scaphoid.
612,Anatomy,Bones & joints,"In an anatomy examination, which option correctly identifies the key structure in this statement? The scaphoid is the most commonly fractured carpal bone.",Triquetrum,Scaphoid,Lunate,Pisiform,B,Answer: Scaphoid. Remember this association for NEET-PG/FMGE.
613,Anatomy,Bones & joints,"In an anatomy examination, which option correctly identifies the key structure in this statement? The lunate is the carpal bone most commonly dislocated.",Capitate,Lunate,Scaphoid,Trapezium,B,Correct answer: Lunate. This is a high-yield anatomy fact.
614,Anatomy,Bones & joints,"In an anatomy examination, which option correctly identifies the key structure in this statement? Which structure is associated with this statement: The lunate is the carpal bone most commonly dislocated.",Capitate,Lunate,Scaphoid,Trapezium,B,The structure is Lunate.
615,Anatomy,Bones & joints,"In an anatomy examination, which option correctly identifies the key structure in this statement? A medical student is asked in a viva: The lunate is the carpal bone most commonly dislocated. Which option should be selected?",Capitate,Lunate,Scaphoid,Trapezium,B,High-yield point: Lunate.
616,Anatomy,Bones & joints,"In an anatomy examination, which option correctly identifies the key structure in this statement? The lunate is the carpal bone most commonly dislocated.",Capitate,Lunate,Scaphoid,Trapezium,B,Answer: Lunate. Remember this association for NEET-PG/FMGE.
617,Anatomy,Bones & joints,"In an anatomy examination, which option correctly identifies the key structure in this statement? The longest bone in the human body is the femur.",Humerus,Femur,Tibia,Fibula,B,Correct answer: Femur. This is a high-yield anatomy fact.
618,Anatomy,Bones & joints,"In an anatomy examination, which option correctly identifies the key structure in this statement? Which structure is associated with this statement: The longest bone in the human body is the femur.",Humerus,Femur,Tibia,Fibula,B,The structure is Femur.
619,Anatomy,Bones & joints,"In an anatomy examination, which option correctly identifies the key structure in this statement? A medical student is asked in a viva: The longest bone in the human body is the femur. Which option should be selected?",Humerus,Femur,Tibia,Fibula,B,High-yield point: Femur.
620,Anatomy,Bones & joints,"In an anatomy examination, which option correctly identifies the key structure in this statement? The longest bone in the human body is the femur.",Humerus,Femur,Tibia,Fibula,B,Answer: Femur. Remember this association for NEET-PG/FMGE.
621,Anatomy,Bones & joints,"In an anatomy examination, which option correctly identifies the key structure in this statement? The medial meniscus is less mobile than the lateral meniscus because it is attached to the tibial collateral ligament.",Patella,Medial meniscus,Lateral meniscus,Cruciate ligament,B,Correct answer: Medial meniscus. This is a high-yield anatomy fact.
622,Anatomy,Bones & joints,"In an anatomy examination, which option correctly identifies the key structure in this statement? Which structure is associated with this statement: The medial meniscus is less mobile than the lateral meniscus because it is attached to the tibial collateral ligament.",Patella,Medial meniscus,Lateral meniscus,Cruciate ligament,B,The structure is Medial meniscus.
623,Anatomy,Bones & joints,"In an anatomy examination, which option correctly identifies the key structure in this statement? A medical student is asked in a viva: The medial meniscus is less mobile than the lateral meniscus because it is attached to the tibial collateral ligament. Which option should be selected?",Patella,Medial meniscus,Lateral meniscus,Cruciate ligament,B,High-yield point: Medial meniscus.
624,Anatomy,Bones & joints,"In an anatomy examination, which option correctly identifies the key structure in this statement? The medial meniscus is less mobile than the lateral meniscus because it is attached to the tibial collateral ligament.",Patella,Medial meniscus,Lateral meniscus,Cruciate ligament,B,Answer: Medial meniscus. Remember this association for NEET-PG/FMGE.
625,Anatomy,Bones & joints,"In an anatomy examination, which option correctly identifies the key structure in this statement? The anterior cruciate ligament prevents anterior displacement of the tibia relative to the femur.",Medial collateral ligament,Anterior cruciate ligament,Posterior cruciate ligament,Lateral collateral ligament,B,Correct answer: Anterior cruciate ligament. This is a high-yield anatomy fact.
626,Anatomy,Bones & joints,"In an anatomy examination, which option correctly identifies the key structure in this statement? Which structure is associated with this statement: The anterior cruciate ligament prevents anterior displacement of the tibia relative to the femur.",Medial collateral ligament,Anterior cruciate ligament,Posterior cruciate ligament,Lateral collateral ligament,B,The structure is Anterior cruciate ligament.
627,Anatomy,Bones & joints,"In an anatomy examination, which option correctly identifies the key structure in this statement? A medical student is asked in a viva: The anterior cruciate ligament prevents anterior displacement of the tibia relative to the femur. Which option should be selected?",Medial collateral ligament,Anterior cruciate ligament,Posterior cruciate ligament,Lateral collateral ligament,B,High-yield point: Anterior cruciate ligament.
628,Anatomy,Bones & joints,"In an anatomy examination, which option correctly identifies the key structure in this statement? The anterior cruciate ligament prevents anterior displacement of the tibia relative to the femur.",Medial collateral ligament,Anterior cruciate ligament,Posterior cruciate ligament,Lateral collateral ligament,B,Answer: Anterior cruciate ligament. Remember this association for NEET-PG/FMGE.
629,Anatomy,Bones & joints,"In an anatomy examination, which option correctly identifies the key structure in this statement? The posterior cruciate ligament prevents posterior displacement of the tibia relative to the femur.",Medial collateral ligament,Posterior cruciate ligament,Anterior cruciate ligament,Lateral collateral ligament,B,Correct answer: Posterior cruciate ligament. This is a high-yield anatomy fact.
630,Anatomy,Bones & joints,"In an anatomy examination, which option correctly identifies the key structure in this statement? Which structure is associated with this statement: The posterior cruciate ligament prevents posterior displacement of the tibia relative to the femur.",Medial collateral ligament,Posterior cruciate ligament,Anterior cruciate ligament,Lateral collateral ligament,B,The structure is Posterior cruciate ligament.
631,Anatomy,Bones & joints,"In an anatomy examination, which option correctly identifies the key structure in this statement? A medical student is asked in a viva: The posterior cruciate ligament prevents posterior displacement of the tibia relative to the femur. Which option should be selected?",Medial collateral ligament,Posterior cruciate ligament,Anterior cruciate ligament,Lateral collateral ligament,B,High-yield point: Posterior cruciate ligament.
632,Anatomy,Bones & joints,"In an anatomy examination, which option correctly identifies the key structure in this statement? The posterior cruciate ligament prevents posterior displacement of the tibia relative to the femur.",Medial collateral ligament,Posterior cruciate ligament,Anterior cruciate ligament,Lateral collateral ligament,B,Answer: Posterior cruciate ligament. Remember this association for NEET-PG/FMGE.
633,Anatomy,Bones & joints,"In an anatomy examination, which option correctly identifies the key structure in this statement? The ligament that prevents excessive eversion of the foot is the deltoid ligament.",Anterior talofibular ligament,Deltoid ligament,Calcaneofibular ligament,Posterior talofibular ligament,B,Correct answer: Deltoid ligament. This is a high-yield anatomy fact.
634,Anatomy,Bones & joints,"In an anatomy examination, which option correctly identifies the key structure in this statement? Which structure is associated with this statement: The ligament that prevents excessive eversion of the foot is the deltoid ligament.",Anterior talofibular ligament,Deltoid ligament,Calcaneofibular ligament,Posterior talofibular ligament,B,The structure is Deltoid ligament.
635,Anatomy,Bones & joints,"In an anatomy examination, which option correctly identifies the key structure in this statement? A medical student is asked in a viva: The ligament that prevents excessive eversion of the foot is the deltoid ligament. Which option should be selected?",Anterior talofibular ligament,Deltoid ligament,Calcaneofibular ligament,Posterior talofibular ligament,B,High-yield point: Deltoid ligament.
636,Anatomy,Bones & joints,"In an anatomy examination, which option correctly identifies the key structure in this statement? The ligament that prevents excessive eversion of the foot is the deltoid ligament.",Anterior talofibular ligament,Deltoid ligament,Calcaneofibular ligament,Posterior talofibular ligament,B,Answer: Deltoid ligament. Remember this association for NEET-PG/FMGE.
637,Anatomy,Bones & joints,"In an anatomy examination, which option correctly identifies the key structure in this statement? The most commonly fractured tarsal bone is the calcaneus.",Navicular,Calcaneus,Talus,Cuboid,B,Correct answer: Calcaneus. This is a high-yield anatomy fact.
638,Anatomy,Bones & joints,"In an anatomy examination, which option correctly identifies the key structure in this statement? Which structure is associated with this statement: The most commonly fractured tarsal bone is the calcaneus.",Navicular,Calcaneus,Talus,Cuboid,B,The structure is Calcaneus.
639,Anatomy,Bones & joints,"In an anatomy examination, which option correctly identifies the key structure in this statement? A medical student is asked in a viva: The most commonly fractured tarsal bone is the calcaneus. Which option should be selected?",Navicular,Calcaneus,Talus,Cuboid,B,High-yield point: Calcaneus.
640,Anatomy,Bones & joints,"In an anatomy examination, which option correctly identifies the key structure in this statement? The most commonly fractured tarsal bone is the calcaneus.",Navicular,Calcaneus,Talus,Cuboid,B,Answer: Calcaneus. Remember this association for NEET-PG/FMGE.
641,Anatomy,Bones & joints,"In an anatomy examination, which option correctly identifies the key structure in this statement? The talus is notable because it has no muscular attachments.",Navicular,Talus,Calcaneus,Cuboid,B,Correct answer: Talus. This is a high-yield anatomy fact.
642,Anatomy,Bones & joints,"In an anatomy examination, which option correctly identifies the key structure in this statement? Which structure is associated with this statement: The talus is notable because it has no muscular attachments.",Navicular,Talus,Calcaneus,Cuboid,B,The structure is Talus.
643,Anatomy,Bones & joints,"In an anatomy examination, which option correctly identifies the key structure in this statement? A medical student is asked in a viva: The talus is notable because it has no muscular attachments. Which option should be selected?",Navicular,Talus,Calcaneus,Cuboid,B,High-yield point: Talus.
644,Anatomy,Bones & joints,"In an anatomy examination, which option correctly identifies the key structure in this statement? The talus is notable because it has no muscular attachments.",Navicular,Talus,Calcaneus,Cuboid,B,Answer: Talus. Remember this association for NEET-PG/FMGE.
645,Anatomy,Upper limb,"In an anatomy examination, which option correctly identifies the key structure in this statement? The musculocutaneous nerve supplies the anterior compartment of the arm.",Median nerve,Musculocutaneous nerve,Radial nerve,Ulnar nerve,B,Correct answer: Musculocutaneous nerve. This is a high-yield anatomy fact.
646,Anatomy,Upper limb,"In an anatomy examination, which option correctly identifies the key structure in this statement? Which structure is associated with this statement: The musculocutaneous nerve supplies the anterior compartment of the arm.",Median nerve,Musculocutaneous nerve,Radial nerve,Ulnar nerve,B,The structure is Musculocutaneous nerve.
647,Anatomy,Upper limb,"In an anatomy examination, which option correctly identifies the key structure in this statement? A medical student is asked in a viva: The musculocutaneous nerve supplies the anterior compartment of the arm. Which option should be selected?",Median nerve,Musculocutaneous nerve,Radial nerve,Ulnar nerve,B,High-yield point: Musculocutaneous nerve.
648,Anatomy,Upper limb,"In an anatomy examination, which option correctly identifies the key structure in this statement? The musculocutaneous nerve supplies the anterior compartment of the arm.",Median nerve,Musculocutaneous nerve,Radial nerve,Ulnar nerve,B,Answer: Musculocutaneous nerve. Remember this association for NEET-PG/FMGE.
649,Anatomy,Upper limb,"In an anatomy examination, which option correctly identifies the key structure in this statement? The radial nerve supplies the posterior compartment of the arm.",Ulnar nerve,Radial nerve,Median nerve,Musculocutaneous nerve,B,Correct answer: Radial nerve. This is a high-yield anatomy fact.
650,Anatomy,Upper limb,"In an anatomy examination, which option correctly identifies the key structure in this statement? Which structure is associated with this statement: The radial nerve supplies the posterior compartment of the arm.",Ulnar nerve,Radial nerve,Median nerve,Musculocutaneous nerve,B,The structure is Radial nerve.
651,Anatomy,Upper limb,"In an anatomy examination, which option correctly identifies the key structure in this statement? A medical student is asked in a viva: The radial nerve supplies the posterior compartment of the arm. Which option should be selected?",Ulnar nerve,Radial nerve,Median nerve,Musculocutaneous nerve,B,High-yield point: Radial nerve.
652,Anatomy,Upper limb,"In an anatomy examination, which option correctly identifies the key structure in this statement? The radial nerve supplies the posterior compartment of the arm.",Ulnar nerve,Radial nerve,Median nerve,Musculocutaneous nerve,B,Answer: Radial nerve. Remember this association for NEET-PG/FMGE.
653,Anatomy,Upper limb,"In an anatomy examination, which option correctly identifies the key structure in this statement? The median nerve passes between the two heads of pronator teres.",Radial nerve,Median nerve,Ulnar nerve,Musculocutaneous nerve,B,Correct answer: Median nerve. This is a high-yield anatomy fact.
654,Anatomy,Upper limb,"In an anatomy examination, which option correctly identifies the key structure in this statement? Which structure is associated with this statement: The median nerve passes between the two heads of pronator teres.",Radial nerve,Median nerve,Ulnar nerve,Musculocutaneous nerve,B,The structure is Median nerve.
655,Anatomy,Upper limb,"In an anatomy examination, which option correctly identifies the key structure in this statement? A medical student is asked in a viva: The median nerve passes between the two heads of pronator teres. Which option should be selected?",Radial nerve,Median nerve,Ulnar nerve,Musculocutaneous nerve,B,High-yield point: Median nerve.
656,Anatomy,Upper limb,"In an anatomy examination, which option correctly identifies the key structure in this statement? The median nerve passes between the two heads of pronator teres.",Radial nerve,Median nerve,Ulnar nerve,Musculocutaneous nerve,B,Answer: Median nerve. Remember this association for NEET-PG/FMGE.
657,Anatomy,Upper limb,"In an anatomy examination, which option correctly identifies the key structure in this statement? The ulnar nerve passes behind the medial epicondyle of the humerus.",Radial nerve,Ulnar nerve,Median nerve,Axillary nerve,B,Correct answer: Ulnar nerve. This is a high-yield anatomy fact.
658,Anatomy,Upper limb,"In an anatomy examination, which option correctly identifies the key structure in this statement? Which structure is associated with this statement: The ulnar nerve passes behind the medial epicondyle of the humerus.",Radial nerve,Ulnar nerve,Median nerve,Axillary nerve,B,The structure is Ulnar nerve.
659,Anatomy,Upper limb,"In an anatomy examination, which option correctly identifies the key structure in this statement? A medical student is asked in a viva: The ulnar nerve passes behind the medial epicondyle of the humerus. Which option should be selected?",Radial nerve,Ulnar nerve,Median nerve,Axillary nerve,B,High-yield point: Ulnar nerve.
660,Anatomy,Upper limb,"In an anatomy examination, which option correctly identifies the key structure in this statement? The ulnar nerve passes behind the medial epicondyle of the humerus.",Radial nerve,Ulnar nerve,Median nerve,Axillary nerve,B,Answer: Ulnar nerve. Remember this association for NEET-PG/FMGE.
661,Anatomy,Upper limb,"In an anatomy examination, which option correctly identifies the key structure in this statement? The long thoracic nerve supplies serratus anterior.",Dorsal scapular nerve,Long thoracic nerve,Thoracodorsal nerve,Suprascapular nerve,B,Correct answer: Long thoracic nerve. This is a high-yield anatomy fact.
662,Anatomy,Upper limb,"In an anatomy examination, which option correctly identifies the key structure in this statement? Which structure is associated with this statement: The long thoracic nerve supplies serratus anterior.",Dorsal scapular nerve,Long thoracic nerve,Thoracodorsal nerve,Suprascapular nerve,B,The structure is Long thoracic nerve.
663,Anatomy,Upper limb,"In an anatomy examination, which option correctly identifies the key structure in this statement? A medical student is asked in a viva: The long thoracic nerve supplies serratus anterior. Which option should be selected?",Dorsal scapular nerve,Long thoracic nerve,Thoracodorsal nerve,Suprascapular nerve,B,High-yield point: Long thoracic nerve.
664,Anatomy,Upper limb,"In an anatomy examination, which option correctly identifies the key structure in this statement? The long thoracic nerve supplies serratus anterior.",Dorsal scapular nerve,Long thoracic nerve,Thoracodorsal nerve,Suprascapular nerve,B,Answer: Long thoracic nerve. Remember this association for NEET-PG/FMGE.
665,Anatomy,Upper limb,"In an anatomy examination, which option correctly identifies the key structure in this statement? The suprascapular nerve supplies supraspinatus and infraspinatus.",Dorsal scapular nerve,Suprascapular nerve,Axillary nerve,Long thoracic nerve,B,Correct answer: Suprascapular nerve. This is a high-yield anatomy fact.
666,Anatomy,Upper limb,"In an anatomy examination, which option correctly identifies the key structure in this statement? Which structure is associated with this statement: The suprascapular nerve supplies supraspinatus and infraspinatus.",Dorsal scapular nerve,Suprascapular nerve,Axillary nerve,Long thoracic nerve,B,The structure is Suprascapular nerve.
667,Anatomy,Upper limb,"In an anatomy examination, which option correctly identifies the key structure in this statement? A medical student is asked in a viva: The suprascapular nerve supplies supraspinatus and infraspinatus. Which option should be selected?",Dorsal scapular nerve,Suprascapular nerve,Axillary nerve,Long thoracic nerve,B,High-yield point: Suprascapular nerve.
668,Anatomy,Upper limb,"In an anatomy examination, which option correctly identifies the key structure in this statement? The suprascapular nerve supplies supraspinatus and infraspinatus.",Dorsal scapular nerve,Suprascapular nerve,Axillary nerve,Long thoracic nerve,B,Answer: Suprascapular nerve. Remember this association for NEET-PG/FMGE.
669,Anatomy,Upper limb,"In an anatomy examination, which option correctly identifies the key structure in this statement? The axillary nerve supplies deltoid and teres minor.",Suprascapular nerve,Axillary nerve,Radial nerve,Musculocutaneous nerve,B,Correct answer: Axillary nerve. This is a high-yield anatomy fact.
670,Anatomy,Upper limb,"In an anatomy examination, which option correctly identifies the key structure in this statement? Which structure is associated with this statement: The axillary nerve supplies deltoid and teres minor.",Suprascapular nerve,Axillary nerve,Radial nerve,Musculocutaneous nerve,B,The structure is Axillary nerve.
671,Anatomy,Upper limb,"In an anatomy examination, which option correctly identifies the key structure in this statement? A medical student is asked in a viva: The axillary nerve supplies deltoid and teres minor. Which option should be selected?",Suprascapular nerve,Axillary nerve,Radial nerve,Musculocutaneous nerve,B,High-yield point: Axillary nerve.
672,Anatomy,Upper limb,"In an anatomy examination, which option correctly identifies the key structure in this statement? The axillary nerve supplies deltoid and teres minor.",Suprascapular nerve,Axillary nerve,Radial nerve,Musculocutaneous nerve,B,Answer: Axillary nerve. Remember this association for NEET-PG/FMGE.
673,Anatomy,Upper limb,"In an anatomy examination, which option correctly identifies the key structure in this statement? The thoracodorsal nerve supplies latissimus dorsi.",Dorsal scapular nerve,Thoracodorsal nerve,Long thoracic nerve,Medial pectoral nerve,B,Correct answer: Thoracodorsal nerve. This is a high-yield anatomy fact.
674,Anatomy,Upper limb,"In an anatomy examination, which option correctly identifies the key structure in this statement? Which structure is associated with this statement: The thoracodorsal nerve supplies latissimus dorsi.",Dorsal scapular nerve,Thoracodorsal nerve,Long thoracic nerve,Medial pectoral nerve,B,The structure is Thoracodorsal nerve.
675,Anatomy,Upper limb,"In an anatomy examination, which option correctly identifies the key structure in this statement? A medical student is asked in a viva: The thoracodorsal nerve supplies latissimus dorsi. Which option should be selected?",Dorsal scapular nerve,Thoracodorsal nerve,Long thoracic nerve,Medial pectoral nerve,B,High-yield point: Thoracodorsal nerve.
676,Anatomy,Upper limb,"In an anatomy examination, which option correctly identifies the key structure in this statement? The thoracodorsal nerve supplies latissimus dorsi.",Dorsal scapular nerve,Thoracodorsal nerve,Long thoracic nerve,Medial pectoral nerve,B,Answer: Thoracodorsal nerve. Remember this association for NEET-PG/FMGE.
677,Anatomy,Upper limb,"In an anatomy examination, which option correctly identifies the key structure in this statement? The dorsal scapular nerve supplies rhomboids.",Axillary nerve,Dorsal scapular nerve,Suprascapular nerve,Thoracodorsal nerve,B,Correct answer: Dorsal scapular nerve. This is a high-yield anatomy fact.
678,Anatomy,Upper limb,"In an anatomy examination, which option correctly identifies the key structure in this statement? Which structure is associated with this statement: The dorsal scapular nerve supplies rhomboids.",Axillary nerve,Dorsal scapular nerve,Suprascapular nerve,Thoracodorsal nerve,B,The structure is Dorsal scapular nerve.
679,Anatomy,Upper limb,"In an anatomy examination, which option correctly identifies the key structure in this statement? A medical student is asked in a viva: The dorsal scapular nerve supplies rhomboids. Which option should be selected?",Axillary nerve,Dorsal scapular nerve,Suprascapular nerve,Thoracodorsal nerve,B,High-yield point: Dorsal scapular nerve.
680,Anatomy,Upper limb,"In an anatomy examination, which option correctly identifies the key structure in this statement? The dorsal scapular nerve supplies rhomboids.",Axillary nerve,Dorsal scapular nerve,Suprascapular nerve,Thoracodorsal nerve,B,Answer: Dorsal scapular nerve. Remember this association for NEET-PG/FMGE.
681,Anatomy,Upper limb,"In an anatomy examination, which option correctly identifies the key structure in this statement? The radial nerve enters the posterior compartment of the arm through the triangular interval.",Ulnar nerve,Radial nerve,Median nerve,Axillary nerve,B,Correct answer: Radial nerve. This is a high-yield anatomy fact.
682,Anatomy,Upper limb,"In an anatomy examination, which option correctly identifies the key structure in this statement? Which structure is associated with this statement: The radial nerve enters the posterior compartment of the arm through the triangular interval.",Ulnar nerve,Radial nerve,Median nerve,Axillary nerve,B,The structure is Radial nerve.
683,Anatomy,Upper limb,"In an anatomy examination, which option correctly identifies the key structure in this statement? A medical student is asked in a viva: The radial nerve enters the posterior compartment of the arm through the triangular interval. Which option should be selected?",Ulnar nerve,Radial nerve,Median nerve,Axillary nerve,B,High-yield point: Radial nerve.
684,Anatomy,Upper limb,"In an anatomy examination, which option correctly identifies the key structure in this statement? The radial nerve enters the posterior compartment of the arm through the triangular interval.",Ulnar nerve,Radial nerve,Median nerve,Axillary nerve,B,Answer: Radial nerve. Remember this association for NEET-PG/FMGE.
685,Anatomy,Upper limb,"In an anatomy examination, which option correctly identifies the key structure in this statement? The brachial artery terminates by dividing into radial and ulnar arteries in the cubital fossa.",Axillary and radial arteries,Radial and ulnar arteries,Anterior and posterior interosseous arteries,Ulnar and profunda brachii arteries,B,Correct answer: Radial and ulnar arteries. This is a high-yield anatomy fact.
686,Anatomy,Upper limb,"In an anatomy examination, which option correctly identifies the key structure in this statement? Which structure is associated with this statement: The brachial artery terminates by dividing into radial and ulnar arteries in the cubital fossa.",Axillary and radial arteries,Radial and ulnar arteries,Anterior and posterior interosseous arteries,Ulnar and profunda brachii arteries,B,The structure is Radial and ulnar arteries.
687,Anatomy,Upper limb,"In an anatomy examination, which option correctly identifies the key structure in this statement? A medical student is asked in a viva: The brachial artery terminates by dividing into radial and ulnar arteries in the cubital fossa. Which option should be selected?",Axillary and radial arteries,Radial and ulnar arteries,Anterior and posterior interosseous arteries,Ulnar and profunda brachii arteries,B,High-yield point: Radial and ulnar arteries.
688,Anatomy,Upper limb,"In an anatomy examination, which option correctly identifies the key structure in this statement? The brachial artery terminates by dividing into radial and ulnar arteries in the cubital fossa.",Axillary and radial arteries,Radial and ulnar arteries,Anterior and posterior interosseous arteries,Ulnar and profunda brachii arteries,B,Answer: Radial and ulnar arteries. Remember this association for NEET-PG/FMGE.
689,Anatomy,Upper limb,"In an anatomy examination, which option correctly identifies the key structure in this statement? The median nerve is the major nerve passing through the carpal tunnel.",Radial nerve,Median nerve,Ulnar nerve,Musculocutaneous nerve,B,Correct answer: Median nerve. This is a high-yield anatomy fact.
690,Anatomy,Upper limb,"In an anatomy examination, which option correctly identifies the key structure in this statement? Which structure is associated with this statement: The median nerve is the major nerve passing through the carpal tunnel.",Radial nerve,Median nerve,Ulnar nerve,Musculocutaneous nerve,B,The structure is Median nerve.
691,Anatomy,Upper limb,"In an anatomy examination, which option correctly identifies the key structure in this statement? A medical student is asked in a viva: The median nerve is the major nerve passing through the carpal tunnel. Which option should be selected?",Radial nerve,Median nerve,Ulnar nerve,Musculocutaneous nerve,B,High-yield point: Median nerve.
692,Anatomy,Upper limb,"In an anatomy examination, which option correctly identifies the key structure in this statement? The median nerve is the major nerve passing through the carpal tunnel.",Radial nerve,Median nerve,Ulnar nerve,Musculocutaneous nerve,B,Answer: Median nerve. Remember this association for NEET-PG/FMGE.
693,Anatomy,Upper limb,"In an anatomy examination, which option correctly identifies the key structure in this statement? The ulnar nerve passes superficial to the flexor retinaculum at the wrist.",Radial nerve,Ulnar nerve,Median nerve,Anterior interosseous nerve,B,Correct answer: Ulnar nerve. This is a high-yield anatomy fact.
694,Anatomy,Upper limb,"In an anatomy examination, which option correctly identifies the key structure in this statement? Which structure is associated with this statement: The ulnar nerve passes superficial to the flexor retinaculum at the wrist.",Radial nerve,Ulnar nerve,Median nerve,Anterior interosseous nerve,B,The structure is Ulnar nerve.
695,Anatomy,Upper limb,"In an anatomy examination, which option correctly identifies the key structure in this statement? A medical student is asked in a viva: The ulnar nerve passes superficial to the flexor retinaculum at the wrist. Which option should be selected?",Radial nerve,Ulnar nerve,Median nerve,Anterior interosseous nerve,B,High-yield point: Ulnar nerve.
696,Anatomy,Upper limb,"In an anatomy examination, which option correctly identifies the key structure in this statement? The ulnar nerve passes superficial to the flexor retinaculum at the wrist.",Radial nerve,Ulnar nerve,Median nerve,Anterior interosseous nerve,B,Answer: Ulnar nerve. Remember this association for NEET-PG/FMGE.
697,Anatomy,Upper limb,"In an anatomy examination, which option correctly identifies the key structure in this statement? The anatomical snuffbox is bounded anteriorly by abductor pollicis longus and extensor pollicis brevis.",Flexor pollicis longus and adductor pollicis,Abductor pollicis longus and extensor pollicis brevis,Extensor pollicis longus and extensor indicis,Opponens pollicis and abductor pollicis brevis,B,Correct answer: Abductor pollicis longus and extensor pollicis brevis. This is a high-yield anatomy fact.
698,Anatomy,Upper limb,"In an anatomy examination, which option correctly identifies the key structure in this statement? Which structure is associated with this statement: The anatomical snuffbox is bounded anteriorly by abductor pollicis longus and extensor pollicis brevis.",Flexor pollicis longus and adductor pollicis,Abductor pollicis longus and extensor pollicis brevis,Extensor pollicis longus and extensor indicis,Opponens pollicis and abductor pollicis brevis,B,The structure is Abductor pollicis longus and extensor pollicis brevis.
699,Anatomy,Upper limb,"In an anatomy examination, which option correctly identifies the key structure in this statement? A medical student is asked in a viva: The anatomical snuffbox is bounded anteriorly by abductor pollicis longus and extensor pollicis brevis. Which option should be selected?",Flexor pollicis longus and adductor pollicis,Abductor pollicis longus and extensor pollicis brevis,Extensor pollicis longus and extensor indicis,Opponens pollicis and abductor pollicis brevis,B,High-yield point: Abductor pollicis longus and extensor pollicis brevis.
700,Anatomy,Upper limb,"In an anatomy examination, which option correctly identifies the key structure in this statement? The anatomical snuffbox is bounded anteriorly by abductor pollicis longus and extensor pollicis brevis.",Flexor pollicis longus and adductor pollicis,Abductor pollicis longus and extensor pollicis brevis,Extensor pollicis longus and extensor indicis,Opponens pollicis and abductor pollicis brevis,B,Answer: Abductor pollicis longus and extensor pollicis brevis. Remember this association for NEET-PG/FMGE.
701,Anatomy,Lower limb,"In an anatomy examination, which option correctly identifies the key structure in this statement? The femoral nerve supplies the anterior compartment of the thigh.",Sciatic nerve,Femoral nerve,Obturator nerve,Tibial nerve,B,Correct answer: Femoral nerve. This is a high-yield anatomy fact.
702,Anatomy,Lower limb,"In an anatomy examination, which option correctly identifies the key structure in this statement? Which structure is associated with this statement: The femoral nerve supplies the anterior compartment of the thigh.",Sciatic nerve,Femoral nerve,Obturator nerve,Tibial nerve,B,The structure is Femoral nerve.
703,Anatomy,Lower limb,"In an anatomy examination, which option correctly identifies the key structure in this statement? A medical student is asked in a viva: The femoral nerve supplies the anterior compartment of the thigh. Which option should be selected?",Sciatic nerve,Femoral nerve,Obturator nerve,Tibial nerve,B,High-yield point: Femoral nerve.
704,Anatomy,Lower limb,"In an anatomy examination, which option correctly identifies the key structure in this statement? The femoral nerve supplies the anterior compartment of the thigh.",Sciatic nerve,Femoral nerve,Obturator nerve,Tibial nerve,B,Answer: Femoral nerve. Remember this association for NEET-PG/FMGE.
705,Anatomy,Lower limb,"In an anatomy examination, which option correctly identifies the key structure in this statement? The obturator nerve supplies most muscles of the medial compartment of the thigh.",Sciatic nerve,Obturator nerve,Femoral nerve,Common fibular nerve,B,Correct answer: Obturator nerve. This is a high-yield anatomy fact.
706,Anatomy,Lower limb,"In an anatomy examination, which option correctly identifies the key structure in this statement? Which structure is associated with this statement: The obturator nerve supplies most muscles of the medial compartment of the thigh.",Sciatic nerve,Obturator nerve,Femoral nerve,Common fibular nerve,B,The structure is Obturator nerve.
707,Anatomy,Lower limb,"In an anatomy examination, which option correctly identifies the key structure in this statement? A medical student is asked in a viva: The obturator nerve supplies most muscles of the medial compartment of the thigh. Which option should be selected?",Sciatic nerve,Obturator nerve,Femoral nerve,Common fibular nerve,B,High-yield point: Obturator nerve.
708,Anatomy,Lower limb,"In an anatomy examination, which option correctly identifies the key structure in this statement? The obturator nerve supplies most muscles of the medial compartment of the thigh.",Sciatic nerve,Obturator nerve,Femoral nerve,Common fibular nerve,B,Answer: Obturator nerve. Remember this association for NEET-PG/FMGE.
709,Anatomy,Lower limb,"In an anatomy examination, which option correctly identifies the key structure in this statement? The sciatic nerve is the largest peripheral nerve in the body.",Obturator nerve,Sciatic nerve,Femoral nerve,Tibial nerve,B,Correct answer: Sciatic nerve. This is a high-yield anatomy fact.
710,Anatomy,Lower limb,"In an anatomy examination, which option correctly identifies the key structure in this statement? Which structure is associated with this statement: The sciatic nerve is the largest peripheral nerve in the body.",Obturator nerve,Sciatic nerve,Femoral nerve,Tibial nerve,B,The structure is Sciatic nerve.
711,Anatomy,Lower limb,"In an anatomy examination, which option correctly identifies the key structure in this statement? A medical student is asked in a viva: The sciatic nerve is the largest peripheral nerve in the body. Which option should be selected?",Obturator nerve,Sciatic nerve,Femoral nerve,Tibial nerve,B,High-yield point: Sciatic nerve.
712,Anatomy,Lower limb,"In an anatomy examination, which option correctly identifies the key structure in this statement? The sciatic nerve is the largest peripheral nerve in the body.",Obturator nerve,Sciatic nerve,Femoral nerve,Tibial nerve,B,Answer: Sciatic nerve. Remember this association for NEET-PG/FMGE.
713,Anatomy,Lower limb,"In an anatomy examination, which option correctly identifies the key structure in this statement? The common fibular nerve winds around the neck of the fibula.",Femoral nerve,Common fibular nerve,Tibial nerve,Obturator nerve,B,Correct answer: Common fibular nerve. This is a high-yield anatomy fact.
714,Anatomy,Lower limb,"In an anatomy examination, which option correctly identifies the key structure in this statement? Which structure is associated with this statement: The common fibular nerve winds around the neck of the fibula.",Femoral nerve,Common fibular nerve,Tibial nerve,Obturator nerve,B,The structure is Common fibular nerve.
715,Anatomy,Lower limb,"In an anatomy examination, which option correctly identifies the key structure in this statement? A medical student is asked in a viva: The common fibular nerve winds around the neck of the fibula. Which option should be selected?",Femoral nerve,Common fibular nerve,Tibial nerve,Obturator nerve,B,High-yield point: Common fibular nerve.
716,Anatomy,Lower limb,"In an anatomy examination, which option correctly identifies the key structure in this statement? The common fibular nerve winds around the neck of the fibula.",Femoral nerve,Common fibular nerve,Tibial nerve,Obturator nerve,B,Answer: Common fibular nerve. Remember this association for NEET-PG/FMGE.
717,Anatomy,Lower limb,"In an anatomy examination, which option correctly identifies the key structure in this statement? The deep fibular nerve supplies the anterior compartment of the leg.",Tibial nerve,Deep fibular nerve,Superficial fibular nerve,Sural nerve,B,Correct answer: Deep fibular nerve. This is a high-yield anatomy fact.
718,Anatomy,Lower limb,"In an anatomy examination, which option correctly identifies the key structure in this statement? Which structure is associated with this statement: The deep fibular nerve supplies the anterior compartment of the leg.",Tibial nerve,Deep fibular nerve,Superficial fibular nerve,Sural nerve,B,The structure is Deep fibular nerve.
719,Anatomy,Lower limb,"In an anatomy examination, which option correctly identifies the key structure in this statement? A medical student is asked in a viva: The deep fibular nerve supplies the anterior compartment of the leg. Which option should be selected?",Tibial nerve,Deep fibular nerve,Superficial fibular nerve,Sural nerve,B,High-yield point: Deep fibular nerve.
720,Anatomy,Lower limb,"In an anatomy examination, which option correctly identifies the key structure in this statement? The deep fibular nerve supplies the anterior compartment of the leg.",Tibial nerve,Deep fibular nerve,Superficial fibular nerve,Sural nerve,B,Answer: Deep fibular nerve. Remember this association for NEET-PG/FMGE.
721,Anatomy,Lower limb,"In an anatomy examination, which option correctly identifies the key structure in this statement? The superficial fibular nerve supplies the lateral compartment of the leg.",Tibial nerve,Superficial fibular nerve,Deep fibular nerve,Femoral nerve,B,Correct answer: Superficial fibular nerve. This is a high-yield anatomy fact.
722,Anatomy,Lower limb,"In an anatomy examination, which option correctly identifies the key structure in this statement? Which structure is associated with this statement: The superficial fibular nerve supplies the lateral compartment of the leg.",Tibial nerve,Superficial fibular nerve,Deep fibular nerve,Femoral nerve,B,The structure is Superficial fibular nerve.
723,Anatomy,Lower limb,"In an anatomy examination, which option correctly identifies the key structure in this statement? A medical student is asked in a viva: The superficial fibular nerve supplies the lateral compartment of the leg. Which option should be selected?",Tibial nerve,Superficial fibular nerve,Deep fibular nerve,Femoral nerve,B,High-yield point: Superficial fibular nerve.
724,Anatomy,Lower limb,"In an anatomy examination, which option correctly identifies the key structure in this statement? The superficial fibular nerve supplies the lateral compartment of the leg.",Tibial nerve,Superficial fibular nerve,Deep fibular nerve,Femoral nerve,B,Answer: Superficial fibular nerve. Remember this association for NEET-PG/FMGE.
725,Anatomy,Lower limb,"In an anatomy examination, which option correctly identifies the key structure in this statement? The tibial nerve supplies the posterior compartment of the leg.",Deep fibular nerve,Tibial nerve,Common fibular nerve,Femoral nerve,B,Correct answer: Tibial nerve. This is a high-yield anatomy fact.
726,Anatomy,Lower limb,"In an anatomy examination, which option correctly identifies the key structure in this statement? Which structure is associated with this statement: The tibial nerve supplies the posterior compartment of the leg.",Deep fibular nerve,Tibial nerve,Common fibular nerve,Femoral nerve,B,The structure is Tibial nerve.
727,Anatomy,Lower limb,"In an anatomy examination, which option correctly identifies the key structure in this statement? A medical student is asked in a viva: The tibial nerve supplies the posterior compartment of the leg. Which option should be selected?",Deep fibular nerve,Tibial nerve,Common fibular nerve,Femoral nerve,B,High-yield point: Tibial nerve.
728,Anatomy,Lower limb,"In an anatomy examination, which option correctly identifies the key structure in this statement? The tibial nerve supplies the posterior compartment of the leg.",Deep fibular nerve,Tibial nerve,Common fibular nerve,Femoral nerve,B,Answer: Tibial nerve. Remember this association for NEET-PG/FMGE.
729,Anatomy,Lower limb,"In an anatomy examination, which option correctly identifies the key structure in this statement? The great saphenous vein passes anterior to the medial malleolus.",Femoral vein,Great saphenous vein,Small saphenous vein,Popliteal vein,B,Correct answer: Great saphenous vein. This is a high-yield anatomy fact.
730,Anatomy,Lower limb,"In an anatomy examination, which option correctly identifies the key structure in this statement? Which structure is associated with this statement: The great saphenous vein passes anterior to the medial malleolus.",Femoral vein,Great saphenous vein,Small saphenous vein,Popliteal vein,B,The structure is Great saphenous vein.
731,Anatomy,Lower limb,"In an anatomy examination, which option correctly identifies the key structure in this statement? A medical student is asked in a viva: The great saphenous vein passes anterior to the medial malleolus. Which option should be selected?",Femoral vein,Great saphenous vein,Small saphenous vein,Popliteal vein,B,High-yield point: Great saphenous vein.
732,Anatomy,Lower limb,"In an anatomy examination, which option correctly identifies the key structure in this statement? The great saphenous vein passes anterior to the medial malleolus.",Femoral vein,Great saphenous vein,Small saphenous vein,Popliteal vein,B,Answer: Great saphenous vein. Remember this association for NEET-PG/FMGE.
733,Anatomy,Lower limb,"In an anatomy examination, which option correctly identifies the key structure in this statement? The small saphenous vein passes posterior to the lateral malleolus.",Femoral vein,Small saphenous vein,Great saphenous vein,Anterior tibial vein,B,Correct answer: Small saphenous vein. This is a high-yield anatomy fact.
734,Anatomy,Lower limb,"In an anatomy examination, which option correctly identifies the key structure in this statement? Which structure is associated with this statement: The small saphenous vein passes posterior to the lateral malleolus.",Femoral vein,Small saphenous vein,Great saphenous vein,Anterior tibial vein,B,The structure is Small saphenous vein.
735,Anatomy,Lower limb,"In an anatomy examination, which option correctly identifies the key structure in this statement? A medical student is asked in a viva: The small saphenous vein passes posterior to the lateral malleolus. Which option should be selected?",Femoral vein,Small saphenous vein,Great saphenous vein,Anterior tibial vein,B,High-yield point: Small saphenous vein.
736,Anatomy,Lower limb,"In an anatomy examination, which option correctly identifies the key structure in this statement? The small saphenous vein passes posterior to the lateral malleolus.",Femoral vein,Small saphenous vein,Great saphenous vein,Anterior tibial vein,B,Answer: Small saphenous vein. Remember this association for NEET-PG/FMGE.
737,Anatomy,Lower limb,"In an anatomy examination, which option correctly identifies the key structure in this statement? The femoral artery passes through the adductor hiatus to become the popliteal artery.",Obturator artery,Femoral artery,Deep femoral artery,External iliac artery,B,Correct answer: Femoral artery. This is a high-yield anatomy fact.
738,Anatomy,Lower limb,"In an anatomy examination, which option correctly identifies the key structure in this statement? Which structure is associated with this statement: The femoral artery passes through the adductor hiatus to become the popliteal artery.",Obturator artery,Femoral artery,Deep femoral artery,External iliac artery,B,The structure is Femoral artery.
739,Anatomy,Lower limb,"In an anatomy examination, which option correctly identifies the key structure in this statement? A medical student is asked in a viva: The femoral artery passes through the adductor hiatus to become the popliteal artery. Which option should be selected?",Obturator artery,Femoral artery,Deep femoral artery,External iliac artery,B,High-yield point: Femoral artery.
740,Anatomy,Lower limb,"In an anatomy examination, which option correctly identifies the key structure in this statement? The femoral artery passes through the adductor hiatus to become the popliteal artery.",Obturator artery,Femoral artery,Deep femoral artery,External iliac artery,B,Answer: Femoral artery. Remember this association for NEET-PG/FMGE.
741,Anatomy,Lower limb,"In an anatomy examination, which option correctly identifies the key structure in this statement? The dorsalis pedis artery is the continuation of the anterior tibial artery.",Fibular artery,Anterior tibial artery,Posterior tibial artery,Popliteal artery,B,Correct answer: Anterior tibial artery. This is a high-yield anatomy fact.
742,Anatomy,Lower limb,"In an anatomy examination, which option correctly identifies the key structure in this statement? Which structure is associated with this statement: The dorsalis pedis artery is the continuation of the anterior tibial artery.",Fibular artery,Anterior tibial artery,Posterior tibial artery,Popliteal artery,B,The structure is Anterior tibial artery.
743,Anatomy,Lower limb,"In an anatomy examination, which option correctly identifies the key structure in this statement? A medical student is asked in a viva: The dorsalis pedis artery is the continuation of the anterior tibial artery. Which option should be selected?",Fibular artery,Anterior tibial artery,Posterior tibial artery,Popliteal artery,B,High-yield point: Anterior tibial artery.
744,Anatomy,Lower limb,"In an anatomy examination, which option correctly identifies the key structure in this statement? The dorsalis pedis artery is the continuation of the anterior tibial artery.",Fibular artery,Anterior tibial artery,Posterior tibial artery,Popliteal artery,B,Answer: Anterior tibial artery. Remember this association for NEET-PG/FMGE.
745,Anatomy,Lower limb,"In an anatomy examination, which option correctly identifies the key structure in this statement? The posterior tibial artery passes posterior to the medial malleolus.",Fibular artery,Posterior tibial artery,Anterior tibial artery,Dorsalis pedis artery,B,Correct answer: Posterior tibial artery. This is a high-yield anatomy fact.
746,Anatomy,Lower limb,"In an anatomy examination, which option correctly identifies the key structure in this statement? Which structure is associated with this statement: The posterior tibial artery passes posterior to the medial malleolus.",Fibular artery,Posterior tibial artery,Anterior tibial artery,Dorsalis pedis artery,B,The structure is Posterior tibial artery.
747,Anatomy,Lower limb,"In an anatomy examination, which option correctly identifies the key structure in this statement? A medical student is asked in a viva: The posterior tibial artery passes posterior to the medial malleolus. Which option should be selected?",Fibular artery,Posterior tibial artery,Anterior tibial artery,Dorsalis pedis artery,B,High-yield point: Posterior tibial artery.
748,Anatomy,Lower limb,"In an anatomy examination, which option correctly identifies the key structure in this statement? The posterior tibial artery passes posterior to the medial malleolus.",Fibular artery,Posterior tibial artery,Anterior tibial artery,Dorsalis pedis artery,B,Answer: Posterior tibial artery. Remember this association for NEET-PG/FMGE.
749,Anatomy,Thorax,"In an anatomy examination, which option correctly identifies the key structure in this statement? The phrenic nerve supplies motor innervation to the diaphragm.",Intercostal nerve,Phrenic nerve,Vagus nerve,Sympathetic trunk,B,Correct answer: Phrenic nerve. This is a high-yield anatomy fact.
750,Anatomy,Thorax,"In an anatomy examination, which option correctly identifies the key structure in this statement? Which structure is associated with this statement: The phrenic nerve supplies motor innervation to the diaphragm.",Intercostal nerve,Phrenic nerve,Vagus nerve,Sympathetic trunk,B,The structure is Phrenic nerve.
751,Anatomy,Thorax,"In an anatomy examination, which option correctly identifies the key structure in this statement? A medical student is asked in a viva: The phrenic nerve supplies motor innervation to the diaphragm. Which option should be selected?",Intercostal nerve,Phrenic nerve,Vagus nerve,Sympathetic trunk,B,High-yield point: Phrenic nerve.
752,Anatomy,Thorax,"In an anatomy examination, which option correctly identifies the key structure in this statement? The phrenic nerve supplies motor innervation to the diaphragm.",Intercostal nerve,Phrenic nerve,Vagus nerve,Sympathetic trunk,B,Answer: Phrenic nerve. Remember this association for NEET-PG/FMGE.
753,Anatomy,Thorax,"In an anatomy examination, which option correctly identifies the key structure in this statement? The phrenic nerve arises mainly from C3–C5 spinal roots.",C5–C7,C3–C5,C1–C3,T1–T3,B,Correct answer: C3–C5. This is a high-yield anatomy fact.
754,Anatomy,Thorax,"In an anatomy examination, which option correctly identifies the key structure in this statement? Which structure is associated with this statement: The phrenic nerve arises mainly from C3–C5 spinal roots.",C5–C7,C3–C5,C1–C3,T1–T3,B,The structure is C3–C5.
755,Anatomy,Thorax,"In an anatomy examination, which option correctly identifies the key structure in this statement? A medical student is asked in a viva: The phrenic nerve arises mainly from C3–C5 spinal roots. Which option should be selected?",C5–C7,C3–C5,C1–C3,T1–T3,B,High-yield point: C3–C5.
756,Anatomy,Thorax,"In an anatomy examination, which option correctly identifies the key structure in this statement? The phrenic nerve arises mainly from C3–C5 spinal roots.",C5–C7,C3–C5,C1–C3,T1–T3,B,Answer: C3–C5. Remember this association for NEET-PG/FMGE.
757,Anatomy,Thorax,"In an anatomy examination, which option correctly identifies the key structure in this statement? The intercostal neurovascular bundle lies in the costal groove between the internal and innermost intercostal muscles.",Between pleura and endothoracic fascia,Between internal and innermost intercostal muscles,Between external and internal intercostal muscles,Within the external intercostal muscle,B,Correct answer: Between internal and innermost intercostal muscles. This is a high-yield anatomy fact.
758,Anatomy,Thorax,"In an anatomy examination, which option correctly identifies the key structure in this statement? Which structure is associated with this statement: The intercostal neurovascular bundle lies in the costal groove between the internal and innermost intercostal muscles.",Between pleura and endothoracic fascia,Between internal and innermost intercostal muscles,Between external and internal intercostal muscles,Within the external intercostal muscle,B,The structure is Between internal and innermost intercostal muscles.
759,Anatomy,Thorax,"In an anatomy examination, which option correctly identifies the key structure in this statement? A medical student is asked in a viva: The intercostal neurovascular bundle lies in the costal groove between the internal and innermost intercostal muscles. Which option should be selected?",Between pleura and endothoracic fascia,Between internal and innermost intercostal muscles,Between external and internal intercostal muscles,Within the external intercostal muscle,B,High-yield point: Between internal and innermost intercostal muscles.
760,Anatomy,Thorax,"In an anatomy examination, which option correctly identifies the key structure in this statement? The intercostal neurovascular bundle lies in the costal groove between the internal and innermost intercostal muscles.",Between pleura and endothoracic fascia,Between internal and innermost intercostal muscles,Between external and internal intercostal muscles,Within the external intercostal muscle,B,Answer: Between internal and innermost intercostal muscles. Remember this association for NEET-PG/FMGE.
761,Anatomy,Thorax,"In an anatomy examination, which option correctly identifies the key structure in this statement? The main motor nerve of the diaphragm is the phrenic nerve.",Intercostal nerves,Phrenic nerve,Vagus nerve,Sympathetic nerves,B,Correct answer: Phrenic nerve. This is a high-yield anatomy fact.
762,Anatomy,Thorax,"In an anatomy examination, which option correctly identifies the key structure in this statement? Which structure is associated with this statement: The main motor nerve of the diaphragm is the phrenic nerve.",Intercostal nerves,Phrenic nerve,Vagus nerve,Sympathetic nerves,B,The structure is Phrenic nerve.
763,Anatomy,Thorax,"In an anatomy examination, which option correctly identifies the key structure in this statement? A medical student is asked in a viva: The main motor nerve of the diaphragm is the phrenic nerve. Which option should be selected?",Intercostal nerves,Phrenic nerve,Vagus nerve,Sympathetic nerves,B,High-yield point: Phrenic nerve.
764,Anatomy,Thorax,"In an anatomy examination, which option correctly identifies the key structure in this statement? The main motor nerve of the diaphragm is the phrenic nerve.",Intercostal nerves,Phrenic nerve,Vagus nerve,Sympathetic nerves,B,Answer: Phrenic nerve. Remember this association for NEET-PG/FMGE.
765,Anatomy,Thorax,"In an anatomy examination, which option correctly identifies the key structure in this statement? The right lung has three lobes.",Four lobes,Three lobes,Two lobes,One lobe,B,Correct answer: Three lobes. This is a high-yield anatomy fact.
766,Anatomy,Thorax,"In an anatomy examination, which option correctly identifies the key structure in this statement? Which structure is associated with this statement: The right lung has three lobes.",Four lobes,Three lobes,Two lobes,One lobe,B,The structure is Three lobes.
767,Anatomy,Thorax,"In an anatomy examination, which option correctly identifies the key structure in this statement? A medical student is asked in a viva: The right lung has three lobes. Which option should be selected?",Four lobes,Three lobes,Two lobes,One lobe,B,High-yield point: Three lobes.
768,Anatomy,Thorax,"In an anatomy examination, which option correctly identifies the key structure in this statement? The right lung has three lobes.",Four lobes,Three lobes,Two lobes,One lobe,B,Answer: Three lobes. Remember this association for NEET-PG/FMGE.
769,Anatomy,Thorax,"In an anatomy examination, which option correctly identifies the key structure in this statement? The left lung has two lobes.",Four lobes,Two lobes,Three lobes,One lobe,B,Correct answer: Two lobes. This is a high-yield anatomy fact.
770,Anatomy,Thorax,"In an anatomy examination, which option correctly identifies the key structure in this statement? Which structure is associated with this statement: The left lung has two lobes.",Four lobes,Two lobes,Three lobes,One lobe,B,The structure is Two lobes.
771,Anatomy,Thorax,"In an anatomy examination, which option correctly identifies the key structure in this statement? A medical student is asked in a viva: The left lung has two lobes. Which option should be selected?",Four lobes,Two lobes,Three lobes,One lobe,B,High-yield point: Two lobes.
772,Anatomy,Thorax,"In an anatomy examination, which option correctly identifies the key structure in this statement? The left lung has two lobes.",Four lobes,Two lobes,Three lobes,One lobe,B,Answer: Two lobes. Remember this association for NEET-PG/FMGE.
773,Anatomy,Thorax,"In an anatomy examination, which option correctly identifies the key structure in this statement? The horizontal fissure is present in the right lung.",Both lungs,Right lung,Left lung,Neither lung,B,Correct answer: Right lung. This is a high-yield anatomy fact.
774,Anatomy,Thorax,"In an anatomy examination, which option correctly identifies the key structure in this statement? Which structure is associated with this statement: The horizontal fissure is present in the right lung.",Both lungs,Right lung,Left lung,Neither lung,B,The structure is Right lung.
775,Anatomy,Thorax,"In an anatomy examination, which option correctly identifies the key structure in this statement? A medical student is asked in a viva: The horizontal fissure is present in the right lung. Which option should be selected?",Both lungs,Right lung,Left lung,Neither lung,B,High-yield point: Right lung.
776,Anatomy,Thorax,"In an anatomy examination, which option correctly identifies the key structure in this statement? The horizontal fissure is present in the right lung.",Both lungs,Right lung,Left lung,Neither lung,B,Answer: Right lung. Remember this association for NEET-PG/FMGE.
777,Anatomy,Thorax,"In an anatomy examination, which option correctly identifies the key structure in this statement? The cardiac notch is a feature of the left lung.",Both lungs,Left lung,Right lung,Neither lung,B,Correct answer: Left lung. This is a high-yield anatomy fact.
778,Anatomy,Thorax,"In an anatomy examination, which option correctly identifies the key structure in this statement? Which structure is associated with this statement: The cardiac notch is a feature of the left lung.",Both lungs,Left lung,Right lung,Neither lung,B,The structure is Left lung.
779,Anatomy,Thorax,"In an anatomy examination, which option correctly identifies the key structure in this statement? A medical student is asked in a viva: The cardiac notch is a feature of the left lung. Which option should be selected?",Both lungs,Left lung,Right lung,Neither lung,B,High-yield point: Left lung.
780,Anatomy,Thorax,"In an anatomy examination, which option correctly identifies the key structure in this statement? The cardiac notch is a feature of the left lung.",Both lungs,Left lung,Right lung,Neither lung,B,Answer: Left lung. Remember this association for NEET-PG/FMGE.
781,Anatomy,Thorax,"In an anatomy examination, which option correctly identifies the key structure in this statement? The internal thoracic artery is a branch of the subclavian artery.",Brachiocephalic trunk,Subclavian artery,Axillary artery,Common carotid artery,B,Correct answer: Subclavian artery. This is a high-yield anatomy fact.
782,Anatomy,Thorax,"In an anatomy examination, which option correctly identifies the key structure in this statement? Which structure is associated with this statement: The internal thoracic artery is a branch of the subclavian artery.",Brachiocephalic trunk,Subclavian artery,Axillary artery,Common carotid artery,B,The structure is Subclavian artery.
783,Anatomy,Thorax,"In an anatomy examination, which option correctly identifies the key structure in this statement? A medical student is asked in a viva: The internal thoracic artery is a branch of the subclavian artery. Which option should be selected?",Brachiocephalic trunk,Subclavian artery,Axillary artery,Common carotid artery,B,High-yield point: Subclavian artery.
784,Anatomy,Thorax,"In an anatomy examination, which option correctly identifies the key structure in this statement? The internal thoracic artery is a branch of the subclavian artery.",Brachiocephalic trunk,Subclavian artery,Axillary artery,Common carotid artery,B,Answer: Subclavian artery. Remember this association for NEET-PG/FMGE.
785,Anatomy,Thorax,"In an anatomy examination, which option correctly identifies the key structure in this statement? The thoracic duct drains most of the body except the right upper quadrant.",Only the left upper limb,Most of the body except right upper quadrant,Only the lower limbs,Only the thorax,B,Correct answer: Most of the body except right upper quadrant. This is a high-yield anatomy fact.
786,Anatomy,Thorax,"In an anatomy examination, which option correctly identifies the key structure in this statement? Which structure is associated with this statement: The thoracic duct drains most of the body except the right upper quadrant.",Only the left upper limb,Most of the body except right upper quadrant,Only the lower limbs,Only the thorax,B,The structure is Most of the body except right upper quadrant.
787,Anatomy,Thorax,"In an anatomy examination, which option correctly identifies the key structure in this statement? A medical student is asked in a viva: The thoracic duct drains most of the body except the right upper quadrant. Which option should be selected?",Only the left upper limb,Most of the body except right upper quadrant,Only the lower limbs,Only the thorax,B,High-yield point: Most of the body except right upper quadrant.
788,Anatomy,Thorax,"In an anatomy examination, which option correctly identifies the key structure in this statement? The thoracic duct drains most of the body except the right upper quadrant.",Only the left upper limb,Most of the body except right upper quadrant,Only the lower limbs,Only the thorax,B,Answer: Most of the body except right upper quadrant. Remember this association for NEET-PG/FMGE.
789,Anatomy,Thorax,"In an anatomy examination, which option correctly identifies the key structure in this statement? The azygos vein arches over the root of the right lung before entering the superior vena cava.",Inferior vena cava,Azygos vein,Hemiazygos vein,Internal thoracic vein,B,Correct answer: Azygos vein. This is a high-yield anatomy fact.
790,Anatomy,Thorax,"In an anatomy examination, which option correctly identifies the key structure in this statement? Which structure is associated with this statement: The azygos vein arches over the root of the right lung before entering the superior vena cava.",Inferior vena cava,Azygos vein,Hemiazygos vein,Internal thoracic vein,B,The structure is Azygos vein.
791,Anatomy,Thorax,"In an anatomy examination, which option correctly identifies the key structure in this statement? A medical student is asked in a viva: The azygos vein arches over the root of the right lung before entering the superior vena cava. Which option should be selected?",Inferior vena cava,Azygos vein,Hemiazygos vein,Internal thoracic vein,B,High-yield point: Azygos vein.
792,Anatomy,Thorax,"In an anatomy examination, which option correctly identifies the key structure in this statement? The azygos vein arches over the root of the right lung before entering the superior vena cava.",Inferior vena cava,Azygos vein,Hemiazygos vein,Internal thoracic vein,B,Answer: Azygos vein. Remember this association for NEET-PG/FMGE.
793,Anatomy,Thorax,"In an anatomy examination, which option correctly identifies the key structure in this statement? The left recurrent laryngeal nerve loops under the arch of the aorta.",Phrenic nerve,Left recurrent laryngeal nerve,Right recurrent laryngeal nerve,Vagus nerve,B,Correct answer: Left recurrent laryngeal nerve. This is a high-yield anatomy fact.
794,Anatomy,Thorax,"In an anatomy examination, which option correctly identifies the key structure in this statement? Which structure is associated with this statement: The left recurrent laryngeal nerve loops under the arch of the aorta.",Phrenic nerve,Left recurrent laryngeal nerve,Right recurrent laryngeal nerve,Vagus nerve,B,The structure is Left recurrent laryngeal nerve.
795,Anatomy,Thorax,"In an anatomy examination, which option correctly identifies the key structure in this statement? A medical student is asked in a viva: The left recurrent laryngeal nerve loops under the arch of the aorta. Which option should be selected?",Phrenic nerve,Left recurrent laryngeal nerve,Right recurrent laryngeal nerve,Vagus nerve,B,High-yield point: Left recurrent laryngeal nerve.
796,Anatomy,Thorax,"In an anatomy examination, which option correctly identifies the key structure in this statement? The left recurrent laryngeal nerve loops under the arch of the aorta.",Phrenic nerve,Left recurrent laryngeal nerve,Right recurrent laryngeal nerve,Vagus nerve,B,Answer: Left recurrent laryngeal nerve. Remember this association for NEET-PG/FMGE.
797,Anatomy,Thorax,"In an anatomy examination, which option correctly identifies the key structure in this statement? The right recurrent laryngeal nerve loops around the right subclavian artery.",Phrenic nerve,Right recurrent laryngeal nerve,Left recurrent laryngeal nerve,Sympathetic trunk,B,Correct answer: Right recurrent laryngeal nerve. This is a high-yield anatomy fact.
798,Anatomy,Thorax,"In an anatomy examination, which option correctly identifies the key structure in this statement? Which structure is associated with this statement: The right recurrent laryngeal nerve loops around the right subclavian artery.",Phrenic nerve,Right recurrent laryngeal nerve,Left recurrent laryngeal nerve,Sympathetic trunk,B,The structure is Right recurrent laryngeal nerve.
799,Anatomy,Thorax,"In an anatomy examination, which option correctly identifies the key structure in this statement? A medical student is asked in a viva: The right recurrent laryngeal nerve loops around the right subclavian artery. Which option should be selected?",Phrenic nerve,Right recurrent laryngeal nerve,Left recurrent laryngeal nerve,Sympathetic trunk,B,High-yield point: Right recurrent laryngeal nerve.
800,Anatomy,Thorax,"In an anatomy examination, which option correctly identifies the key structure in this statement? The right recurrent laryngeal nerve loops around the right subclavian artery.",Phrenic nerve,Right recurrent laryngeal nerve,Left recurrent laryngeal nerve,Sympathetic trunk,B,Answer: Right recurrent laryngeal nerve. Remember this association for NEET-PG/FMGE.
801,Anatomy,Thorax,"In an anatomy examination, which option correctly identifies the key structure in this statement? The esophagus passes through the diaphragm at approximately T10.",T12,T10,T8,L1,B,Correct answer: T10. This is a high-yield anatomy fact.
802,Anatomy,Thorax,"In an anatomy examination, which option correctly identifies the key structure in this statement? Which structure is associated with this statement: The esophagus passes through the diaphragm at approximately T10.",T12,T10,T8,L1,B,The structure is T10.
803,Anatomy,Thorax,"In an anatomy examination, which option correctly identifies the key structure in this statement? A medical student is asked in a viva: The esophagus passes through the diaphragm at approximately T10. Which option should be selected?",T12,T10,T8,L1,B,High-yield point: T10.
804,Anatomy,Thorax,"In an anatomy examination, which option correctly identifies the key structure in this statement? The esophagus passes through the diaphragm at approximately T10.",T12,T10,T8,L1,B,Answer: T10. Remember this association for NEET-PG/FMGE.
805,Anatomy,Thorax,"In an anatomy examination, which option correctly identifies the key structure in this statement? The inferior vena cava passes through the diaphragm at approximately T8.",T12,T8,T10,L1,B,Correct answer: T8. This is a high-yield anatomy fact.
806,Anatomy,Thorax,"In an anatomy examination, which option correctly identifies the key structure in this statement? Which structure is associated with this statement: The inferior vena cava passes through the diaphragm at approximately T8.",T12,T8,T10,L1,B,The structure is T8.
807,Anatomy,Thorax,"In an anatomy examination, which option correctly identifies the key structure in this statement? A medical student is asked in a viva: The inferior vena cava passes through the diaphragm at approximately T8. Which option should be selected?",T12,T8,T10,L1,B,High-yield point: T8.
808,Anatomy,Thorax,"In an anatomy examination, which option correctly identifies the key structure in this statement? The inferior vena cava passes through the diaphragm at approximately T8.",T12,T8,T10,L1,B,Answer: T8. Remember this association for NEET-PG/FMGE.
809,Anatomy,Thorax,"In an anatomy examination, which option correctly identifies the key structure in this statement? The aorta passes through the diaphragm at approximately T12.",T10,T12,T8,L2,B,Correct answer: T12. This is a high-yield anatomy fact.
810,Anatomy,Thorax,"In an anatomy examination, which option correctly identifies the key structure in this statement? Which structure is associated with this statement: The aorta passes through the diaphragm at approximately T12.",T10,T12,T8,L2,B,The structure is T12.
811,Anatomy,Thorax,"In an anatomy examination, which option correctly identifies the key structure in this statement? A medical student is asked in a viva: The aorta passes through the diaphragm at approximately T12. Which option should be selected?",T10,T12,T8,L2,B,High-yield point: T12.
812,Anatomy,Thorax,"In an anatomy examination, which option correctly identifies the key structure in this statement? The aorta passes through the diaphragm at approximately T12.",T10,T12,T8,L2,B,Answer: T12. Remember this association for NEET-PG/FMGE.
813,Anatomy,Abdomen,"In an anatomy examination, which option correctly identifies the key structure in this statement? The celiac trunk supplies foregut derivatives.",Inferior mesenteric artery,Celiac trunk,Superior mesenteric artery,Renal artery,B,Correct answer: Celiac trunk. This is a high-yield anatomy fact.
814,Anatomy,Abdomen,"In an anatomy examination, which option correctly identifies the key structure in this statement? Which structure is associated with this statement: The celiac trunk supplies foregut derivatives.",Inferior mesenteric artery,Celiac trunk,Superior mesenteric artery,Renal artery,B,The structure is Celiac trunk.
815,Anatomy,Abdomen,"In an anatomy examination, which option correctly identifies the key structure in this statement? A medical student is asked in a viva: The celiac trunk supplies foregut derivatives. Which option should be selected?",Inferior mesenteric artery,Celiac trunk,Superior mesenteric artery,Renal artery,B,High-yield point: Celiac trunk.
816,Anatomy,Abdomen,"In an anatomy examination, which option correctly identifies the key structure in this statement? The celiac trunk supplies foregut derivatives.",Inferior mesenteric artery,Celiac trunk,Superior mesenteric artery,Renal artery,B,Answer: Celiac trunk. Remember this association for NEET-PG/FMGE.
817,Anatomy,Abdomen,"In an anatomy examination, which option correctly identifies the key structure in this statement? The superior mesenteric artery supplies midgut derivatives.",Inferior mesenteric artery,Superior mesenteric artery,Celiac trunk,Gonadal artery,B,Correct answer: Superior mesenteric artery. This is a high-yield anatomy fact.
818,Anatomy,Abdomen,"In an anatomy examination, which option correctly identifies the key structure in this statement? Which structure is associated with this statement: The superior mesenteric artery supplies midgut derivatives.",Inferior mesenteric artery,Superior mesenteric artery,Celiac trunk,Gonadal artery,B,The structure is Superior mesenteric artery.
819,Anatomy,Abdomen,"In an anatomy examination, which option correctly identifies the key structure in this statement? A medical student is asked in a viva: The superior mesenteric artery supplies midgut derivatives. Which option should be selected?",Inferior mesenteric artery,Superior mesenteric artery,Celiac trunk,Gonadal artery,B,High-yield point: Superior mesenteric artery.
820,Anatomy,Abdomen,"In an anatomy examination, which option correctly identifies the key structure in this statement? The superior mesenteric artery supplies midgut derivatives.",Inferior mesenteric artery,Superior mesenteric artery,Celiac trunk,Gonadal artery,B,Answer: Superior mesenteric artery. Remember this association for NEET-PG/FMGE.
821,Anatomy,Abdomen,"In an anatomy examination, which option correctly identifies the key structure in this statement? The inferior mesenteric artery supplies hindgut derivatives.",Celiac trunk,Inferior mesenteric artery,Superior mesenteric artery,Renal artery,B,Correct answer: Inferior mesenteric artery. This is a high-yield anatomy fact.
822,Anatomy,Abdomen,"In an anatomy examination, which option correctly identifies the key structure in this statement? Which structure is associated with this statement: The inferior mesenteric artery supplies hindgut derivatives.",Celiac trunk,Inferior mesenteric artery,Superior mesenteric artery,Renal artery,B,The structure is Inferior mesenteric artery.
823,Anatomy,Abdomen,"In an anatomy examination, which option correctly identifies the key structure in this statement? A medical student is asked in a viva: The inferior mesenteric artery supplies hindgut derivatives. Which option should be selected?",Celiac trunk,Inferior mesenteric artery,Superior mesenteric artery,Renal artery,B,High-yield point: Inferior mesenteric artery.
824,Anatomy,Abdomen,"In an anatomy examination, which option correctly identifies the key structure in this statement? The inferior mesenteric artery supplies hindgut derivatives.",Celiac trunk,Inferior mesenteric artery,Superior mesenteric artery,Renal artery,B,Answer: Inferior mesenteric artery. Remember this association for NEET-PG/FMGE.
825,Anatomy,Abdomen,"In an anatomy examination, which option correctly identifies the key structure in this statement? The portal vein is formed by union of the splenic and superior mesenteric veins.",Gastric and hepatic veins,Splenic and superior mesenteric veins,Inferior mesenteric and renal veins,Superior and inferior venae cavae,B,Correct answer: Splenic and superior mesenteric veins. This is a high-yield anatomy fact.
826,Anatomy,Abdomen,"In an anatomy examination, which option correctly identifies the key structure in this statement? Which structure is associated with this statement: The portal vein is formed by union of the splenic and superior mesenteric veins.",Gastric and hepatic veins,Splenic and superior mesenteric veins,Inferior mesenteric and renal veins,Superior and inferior venae cavae,B,The structure is Splenic and superior mesenteric veins.
827,Anatomy,Abdomen,"In an anatomy examination, which option correctly identifies the key structure in this statement? A medical student is asked in a viva: The portal vein is formed by union of the splenic and superior mesenteric veins. Which option should be selected?",Gastric and hepatic veins,Splenic and superior mesenteric veins,Inferior mesenteric and renal veins,Superior and inferior venae cavae,B,High-yield point: Splenic and superior mesenteric veins.
828,Anatomy,Abdomen,"In an anatomy examination, which option correctly identifies the key structure in this statement? The portal vein is formed by union of the splenic and superior mesenteric veins.",Gastric and hepatic veins,Splenic and superior mesenteric veins,Inferior mesenteric and renal veins,Superior and inferior venae cavae,B,Answer: Splenic and superior mesenteric veins. Remember this association for NEET-PG/FMGE.
829,Anatomy,Abdomen,"In an anatomy examination, which option correctly identifies the key structure in this statement? The portal vein carries nutrient-rich blood from the gastrointestinal tract to the liver.",Hepatic vein,Portal vein,Hepatic artery,Inferior vena cava,B,Correct answer: Portal vein. This is a high-yield anatomy fact.
830,Anatomy,Abdomen,"In an anatomy examination, which option correctly identifies the key structure in this statement? Which structure is associated with this statement: The portal vein carries nutrient-rich blood from the gastrointestinal tract to the liver.",Hepatic vein,Portal vein,Hepatic artery,Inferior vena cava,B,The structure is Portal vein.
831,Anatomy,Abdomen,"In an anatomy examination, which option correctly identifies the key structure in this statement? A medical student is asked in a viva: The portal vein carries nutrient-rich blood from the gastrointestinal tract to the liver. Which option should be selected?",Hepatic vein,Portal vein,Hepatic artery,Inferior vena cava,B,High-yield point: Portal vein.
832,Anatomy,Abdomen,"In an anatomy examination, which option correctly identifies the key structure in this statement? The portal vein carries nutrient-rich blood from the gastrointestinal tract to the liver.",Hepatic vein,Portal vein,Hepatic artery,Inferior vena cava,B,Answer: Portal vein. Remember this association for NEET-PG/FMGE.
833,Anatomy,Abdomen,"In an anatomy examination, which option correctly identifies the key structure in this statement? The common bile duct joins the main pancreatic duct at the hepatopancreatic ampulla in the usual arrangement.",Hepatic duct,Common bile duct,Cystic duct,Accessory pancreatic duct,B,Correct answer: Common bile duct. This is a high-yield anatomy fact.
834,Anatomy,Abdomen,"In an anatomy examination, which option correctly identifies the key structure in this statement? Which structure is associated with this statement: The common bile duct joins the main pancreatic duct at the hepatopancreatic ampulla in the usual arrangement.",Hepatic duct,Common bile duct,Cystic duct,Accessory pancreatic duct,B,The structure is Common bile duct.
835,Anatomy,Abdomen,"In an anatomy examination, which option correctly identifies the key structure in this statement? A medical student is asked in a viva: The common bile duct joins the main pancreatic duct at the hepatopancreatic ampulla in the usual arrangement. Which option should be selected?",Hepatic duct,Common bile duct,Cystic duct,Accessory pancreatic duct,B,High-yield point: Common bile duct.
836,Anatomy,Abdomen,"In an anatomy examination, which option correctly identifies the key structure in this statement? The common bile duct joins the main pancreatic duct at the hepatopancreatic ampulla in the usual arrangement.",Hepatic duct,Common bile duct,Cystic duct,Accessory pancreatic duct,B,Answer: Common bile duct. Remember this association for NEET-PG/FMGE.
837,Anatomy,Abdomen,"In an anatomy examination, which option correctly identifies the key structure in this statement? The appendix is supplied by the appendicular artery, usually a branch of the ileocolic artery.",Left colic artery,Appendicular artery,Right gastric artery,Middle colic artery,B,Correct answer: Appendicular artery. This is a high-yield anatomy fact.
838,Anatomy,Abdomen,"In an anatomy examination, which option correctly identifies the key structure in this statement? Which structure is associated with this statement: The appendix is supplied by the appendicular artery, usually a branch of the ileocolic artery.",Left colic artery,Appendicular artery,Right gastric artery,Middle colic artery,B,The structure is Appendicular artery.
839,Anatomy,Abdomen,"In an anatomy examination, which option correctly identifies the key structure in this statement? A medical student is asked in a viva: The appendix is supplied by the appendicular artery, usually a branch of the ileocolic artery. Which option should be selected?",Left colic artery,Appendicular artery,Right gastric artery,Middle colic artery,B,High-yield point: Appendicular artery.
840,Anatomy,Abdomen,"In an anatomy examination, which option correctly identifies the key structure in this statement? The appendix is supplied by the appendicular artery, usually a branch of the ileocolic artery.",Left colic artery,Appendicular artery,Right gastric artery,Middle colic artery,B,Answer: Appendicular artery. Remember this association for NEET-PG/FMGE.
841,Anatomy,Abdomen,"In an anatomy examination, which option correctly identifies the key structure in this statement? The spleen lies mainly in the left hypochondrium.",Epigastrium,Left hypochondrium,Right hypochondrium,Right iliac fossa,B,Correct answer: Left hypochondrium. This is a high-yield anatomy fact.
842,Anatomy,Abdomen,"In an anatomy examination, which option correctly identifies the key structure in this statement? Which structure is associated with this statement: The spleen lies mainly in the left hypochondrium.",Epigastrium,Left hypochondrium,Right hypochondrium,Right iliac fossa,B,The structure is Left hypochondrium.
843,Anatomy,Abdomen,"In an anatomy examination, which option correctly identifies the key structure in this statement? A medical student is asked in a viva: The spleen lies mainly in the left hypochondrium. Which option should be selected?",Epigastrium,Left hypochondrium,Right hypochondrium,Right iliac fossa,B,High-yield point: Left hypochondrium.
844,Anatomy,Abdomen,"In an anatomy examination, which option correctly identifies the key structure in this statement? The spleen lies mainly in the left hypochondrium.",Epigastrium,Left hypochondrium,Right hypochondrium,Right iliac fossa,B,Answer: Left hypochondrium. Remember this association for NEET-PG/FMGE.
845,Anatomy,Abdomen,"In an anatomy examination, which option correctly identifies the key structure in this statement? The kidney is a retroperitoneal organ.",Jejunum,Kidney,Stomach,Spleen,B,Correct answer: Kidney. This is a high-yield anatomy fact.
846,Anatomy,Abdomen,"In an anatomy examination, which option correctly identifies the key structure in this statement? Which structure is associated with this statement: The kidney is a retroperitoneal organ.",Jejunum,Kidney,Stomach,Spleen,B,The structure is Kidney.
847,Anatomy,Abdomen,"In an anatomy examination, which option correctly identifies the key structure in this statement? A medical student is asked in a viva: The kidney is a retroperitoneal organ. Which option should be selected?",Jejunum,Kidney,Stomach,Spleen,B,High-yield point: Kidney.
848,Anatomy,Abdomen,"In an anatomy examination, which option correctly identifies the key structure in this statement? The kidney is a retroperitoneal organ.",Jejunum,Kidney,Stomach,Spleen,B,Answer: Kidney. Remember this association for NEET-PG/FMGE.
849,Anatomy,Abdomen,"In an anatomy examination, which option correctly identifies the key structure in this statement? The pancreas is secondarily retroperitoneal except for its tail.",Stomach,Pancreas,Spleen,Liver,B,Correct answer: Pancreas. This is a high-yield anatomy fact.
850,Anatomy,Abdomen,"In an anatomy examination, which option correctly identifies the key structure in this statement? Which structure is associated with this statement: The pancreas is secondarily retroperitoneal except for its tail.",Stomach,Pancreas,Spleen,Liver,B,The structure is Pancreas.
851,Anatomy,Abdomen,"In an anatomy examination, which option correctly identifies the key structure in this statement? A medical student is asked in a viva: The pancreas is secondarily retroperitoneal except for its tail. Which option should be selected?",Stomach,Pancreas,Spleen,Liver,B,High-yield point: Pancreas.
852,Anatomy,Abdomen,"In an anatomy examination, which option correctly identifies the key structure in this statement? The pancreas is secondarily retroperitoneal except for its tail.",Stomach,Pancreas,Spleen,Liver,B,Answer: Pancreas. Remember this association for NEET-PG/FMGE.
853,Anatomy,Abdomen,"In an anatomy examination, which option correctly identifies the key structure in this statement? The bare area is a region of the liver not covered by visceral peritoneum.",Stomach,Liver,Spleen,Kidney,B,Correct answer: Liver. This is a high-yield anatomy fact.
854,Anatomy,Abdomen,"In an anatomy examination, which option correctly identifies the key structure in this statement? Which structure is associated with this statement: The bare area is a region of the liver not covered by visceral peritoneum.",Stomach,Liver,Spleen,Kidney,B,The structure is Liver.
855,Anatomy,Abdomen,"In an anatomy examination, which option correctly identifies the key structure in this statement? A medical student is asked in a viva: The bare area is a region of the liver not covered by visceral peritoneum. Which option should be selected?",Stomach,Liver,Spleen,Kidney,B,High-yield point: Liver.
856,Anatomy,Abdomen,"In an anatomy examination, which option correctly identifies the key structure in this statement? The bare area is a region of the liver not covered by visceral peritoneum.",Stomach,Liver,Spleen,Kidney,B,Answer: Liver. Remember this association for NEET-PG/FMGE.
857,Anatomy,Abdomen,"In an anatomy examination, which option correctly identifies the key structure in this statement? The lesser omentum connects the liver to the lesser curvature of the stomach and first part of the duodenum.",Mesocolon,Lesser omentum,Greater omentum,Falciform ligament,B,Correct answer: Lesser omentum. This is a high-yield anatomy fact.
858,Anatomy,Abdomen,"In an anatomy examination, which option correctly identifies the key structure in this statement? Which structure is associated with this statement: The lesser omentum connects the liver to the lesser curvature of the stomach and first part of the duodenum.",Mesocolon,Lesser omentum,Greater omentum,Falciform ligament,B,The structure is Lesser omentum.
859,Anatomy,Abdomen,"In an anatomy examination, which option correctly identifies the key structure in this statement? A medical student is asked in a viva: The lesser omentum connects the liver to the lesser curvature of the stomach and first part of the duodenum. Which option should be selected?",Mesocolon,Lesser omentum,Greater omentum,Falciform ligament,B,High-yield point: Lesser omentum.
860,Anatomy,Abdomen,"In an anatomy examination, which option correctly identifies the key structure in this statement? The lesser omentum connects the liver to the lesser curvature of the stomach and first part of the duodenum.",Mesocolon,Lesser omentum,Greater omentum,Falciform ligament,B,Answer: Lesser omentum. Remember this association for NEET-PG/FMGE.
861,Anatomy,Abdomen,"In an anatomy examination, which option correctly identifies the key structure in this statement? The greater omentum hangs from the greater curvature of the stomach.",Falciform ligament,Greater omentum,Lesser omentum,Round ligament,B,Correct answer: Greater omentum. This is a high-yield anatomy fact.
862,Anatomy,Abdomen,"In an anatomy examination, which option correctly identifies the key structure in this statement? Which structure is associated with this statement: The greater omentum hangs from the greater curvature of the stomach.",Falciform ligament,Greater omentum,Lesser omentum,Round ligament,B,The structure is Greater omentum.
863,Anatomy,Abdomen,"In an anatomy examination, which option correctly identifies the key structure in this statement? A medical student is asked in a viva: The greater omentum hangs from the greater curvature of the stomach. Which option should be selected?",Falciform ligament,Greater omentum,Lesser omentum,Round ligament,B,High-yield point: Greater omentum.
864,Anatomy,Abdomen,"In an anatomy examination, which option correctly identifies the key structure in this statement? The greater omentum hangs from the greater curvature of the stomach.",Falciform ligament,Greater omentum,Lesser omentum,Round ligament,B,Answer: Greater omentum. Remember this association for NEET-PG/FMGE.
865,Anatomy,Abdomen,"In an anatomy examination, which option correctly identifies the key structure in this statement? The portal triad contains the portal vein, proper hepatic artery and bile duct.","Portal vein, hepatic vein and pancreatic duct","Portal vein, proper hepatic artery and bile duct","Hepatic vein, hepatic artery and cystic duct","Splenic vein, hepatic artery and ureter",B,"Correct answer: Portal vein, proper hepatic artery and bile duct. This is a high-yield anatomy fact."
866,Anatomy,Abdomen,"In an anatomy examination, which option correctly identifies the key structure in this statement? Which structure is associated with this statement: The portal triad contains the portal vein, proper hepatic artery and bile duct.","Portal vein, hepatic vein and pancreatic duct","Portal vein, proper hepatic artery and bile duct","Hepatic vein, hepatic artery and cystic duct","Splenic vein, hepatic artery and ureter",B,"The structure is Portal vein, proper hepatic artery and bile duct."
867,Anatomy,Abdomen,"In an anatomy examination, which option correctly identifies the key structure in this statement? A medical student is asked in a viva: The portal triad contains the portal vein, proper hepatic artery and bile duct. Which option should be selected?","Portal vein, hepatic vein and pancreatic duct","Portal vein, proper hepatic artery and bile duct","Hepatic vein, hepatic artery and cystic duct","Splenic vein, hepatic artery and ureter",B,"High-yield point: Portal vein, proper hepatic artery and bile duct."
868,Anatomy,Abdomen,"In an anatomy examination, which option correctly identifies the key structure in this statement? The portal triad contains the portal vein, proper hepatic artery and bile duct.","Portal vein, hepatic vein and pancreatic duct","Portal vein, proper hepatic artery and bile duct","Hepatic vein, hepatic artery and cystic duct","Splenic vein, hepatic artery and ureter",B,"Answer: Portal vein, proper hepatic artery and bile duct. Remember this association for NEET-PG/FMGE."
869,Anatomy,Abdomen,"In an anatomy examination, which option correctly identifies the key structure in this statement? The ureter crosses anterior to the bifurcation of the common iliac artery or its branches near the pelvic brim.",Celiac trunk,Common iliac artery/branches,Femoral artery,Inferior mesenteric artery,B,Correct answer: Common iliac artery/branches. This is a high-yield anatomy fact.
870,Anatomy,Abdomen,"In an anatomy examination, which option correctly identifies the key structure in this statement? Which structure is associated with this statement: The ureter crosses anterior to the bifurcation of the common iliac artery or its branches near the pelvic brim.",Celiac trunk,Common iliac artery/branches,Femoral artery,Inferior mesenteric artery,B,The structure is Common iliac artery/branches.
871,Anatomy,Abdomen,"In an anatomy examination, which option correctly identifies the key structure in this statement? A medical student is asked in a viva: The ureter crosses anterior to the bifurcation of the common iliac artery or its branches near the pelvic brim. Which option should be selected?",Celiac trunk,Common iliac artery/branches,Femoral artery,Inferior mesenteric artery,B,High-yield point: Common iliac artery/branches.
872,Anatomy,Abdomen,"In an anatomy examination, which option correctly identifies the key structure in this statement? The ureter crosses anterior to the bifurcation of the common iliac artery or its branches near the pelvic brim.",Celiac trunk,Common iliac artery/branches,Femoral artery,Inferior mesenteric artery,B,Answer: Common iliac artery/branches. Remember this association for NEET-PG/FMGE.
873,Anatomy,Abdomen,"In an anatomy examination, which option correctly identifies the key structure in this statement? The left renal vein passes anterior to the abdominal aorta.",Inferior vena cava,Left renal vein,Right renal vein,Left gonadal artery,B,Correct answer: Left renal vein. This is a high-yield anatomy fact.
874,Anatomy,Abdomen,"In an anatomy examination, which option correctly identifies the key structure in this statement? Which structure is associated with this statement: The left renal vein passes anterior to the abdominal aorta.",Inferior vena cava,Left renal vein,Right renal vein,Left gonadal artery,B,The structure is Left renal vein.
875,Anatomy,Abdomen,"In an anatomy examination, which option correctly identifies the key structure in this statement? A medical student is asked in a viva: The left renal vein passes anterior to the abdominal aorta. Which option should be selected?",Inferior vena cava,Left renal vein,Right renal vein,Left gonadal artery,B,High-yield point: Left renal vein.
876,Anatomy,Abdomen,"In an anatomy examination, which option correctly identifies the key structure in this statement? The left renal vein passes anterior to the abdominal aorta.",Inferior vena cava,Left renal vein,Right renal vein,Left gonadal artery,B,Answer: Left renal vein. Remember this association for NEET-PG/FMGE.
877,Anatomy,Abdomen,"In an anatomy examination, which option correctly identifies the key structure in this statement? The right renal artery passes posterior to the inferior vena cava.",Right gonadal artery,Right renal artery,Left renal artery,Superior mesenteric artery,B,Correct answer: Right renal artery. This is a high-yield anatomy fact.
878,Anatomy,Abdomen,"In an anatomy examination, which option correctly identifies the key structure in this statement? Which structure is associated with this statement: The right renal artery passes posterior to the inferior vena cava.",Right gonadal artery,Right renal artery,Left renal artery,Superior mesenteric artery,B,The structure is Right renal artery.
879,Anatomy,Abdomen,"In an anatomy examination, which option correctly identifies the key structure in this statement? A medical student is asked in a viva: The right renal artery passes posterior to the inferior vena cava. Which option should be selected?",Right gonadal artery,Right renal artery,Left renal artery,Superior mesenteric artery,B,High-yield point: Right renal artery.
880,Anatomy,Abdomen,"In an anatomy examination, which option correctly identifies the key structure in this statement? The right renal artery passes posterior to the inferior vena cava.",Right gonadal artery,Right renal artery,Left renal artery,Superior mesenteric artery,B,Answer: Right renal artery. Remember this association for NEET-PG/FMGE.
881,Anatomy,Pelvis & perineum,"In an anatomy examination, which option correctly identifies the key structure in this statement? The pudendal nerve is the main somatic nerve of the perineum.",Femoral nerve,Pudendal nerve,Obturator nerve,Pelvic splanchnic nerve,B,Correct answer: Pudendal nerve. This is a high-yield anatomy fact.
882,Anatomy,Pelvis & perineum,"In an anatomy examination, which option correctly identifies the key structure in this statement? Which structure is associated with this statement: The pudendal nerve is the main somatic nerve of the perineum.",Femoral nerve,Pudendal nerve,Obturator nerve,Pelvic splanchnic nerve,B,The structure is Pudendal nerve.
883,Anatomy,Pelvis & perineum,"In an anatomy examination, which option correctly identifies the key structure in this statement? A medical student is asked in a viva: The pudendal nerve is the main somatic nerve of the perineum. Which option should be selected?",Femoral nerve,Pudendal nerve,Obturator nerve,Pelvic splanchnic nerve,B,High-yield point: Pudendal nerve.
884,Anatomy,Pelvis & perineum,"In an anatomy examination, which option correctly identifies the key structure in this statement? The pudendal nerve is the main somatic nerve of the perineum.",Femoral nerve,Pudendal nerve,Obturator nerve,Pelvic splanchnic nerve,B,Answer: Pudendal nerve. Remember this association for NEET-PG/FMGE.
885,Anatomy,Pelvis & perineum,"In an anatomy examination, which option correctly identifies the key structure in this statement? The pudendal nerve arises from S2–S4 spinal roots.",L4–S1,S2–S4,L1–L3,S1–S3,B,Correct answer: S2–S4. This is a high-yield anatomy fact.
886,Anatomy,Pelvis & perineum,"In an anatomy examination, which option correctly identifies the key structure in this statement? Which structure is associated with this statement: The pudendal nerve arises from S2–S4 spinal roots.",L4–S1,S2–S4,L1–L3,S1–S3,B,The structure is S2–S4.
887,Anatomy,Pelvis & perineum,"In an anatomy examination, which option correctly identifies the key structure in this statement? A medical student is asked in a viva: The pudendal nerve arises from S2–S4 spinal roots. Which option should be selected?",L4–S1,S2–S4,L1–L3,S1–S3,B,High-yield point: S2–S4.
888,Anatomy,Pelvis & perineum,"In an anatomy examination, which option correctly identifies the key structure in this statement? The pudendal nerve arises from S2–S4 spinal roots.",L4–S1,S2–S4,L1–L3,S1–S3,B,Answer: S2–S4. Remember this association for NEET-PG/FMGE.
889,Anatomy,Pelvis & perineum,"In an anatomy examination, which option correctly identifies the key structure in this statement? The pelvic splanchnic nerves carry parasympathetic fibers from S2–S4.",Pudendal nerve,Pelvic splanchnic nerves,Lumbar splanchnic nerves,Superior hypogastric plexus,B,Correct answer: Pelvic splanchnic nerves. This is a high-yield anatomy fact.
890,Anatomy,Pelvis & perineum,"In an anatomy examination, which option correctly identifies the key structure in this statement? Which structure is associated with this statement: The pelvic splanchnic nerves carry parasympathetic fibers from S2–S4.",Pudendal nerve,Pelvic splanchnic nerves,Lumbar splanchnic nerves,Superior hypogastric plexus,B,The structure is Pelvic splanchnic nerves.
891,Anatomy,Pelvis & perineum,"In an anatomy examination, which option correctly identifies the key structure in this statement? A medical student is asked in a viva: The pelvic splanchnic nerves carry parasympathetic fibers from S2–S4. Which option should be selected?",Pudendal nerve,Pelvic splanchnic nerves,Lumbar splanchnic nerves,Superior hypogastric plexus,B,High-yield point: Pelvic splanchnic nerves.
892,Anatomy,Pelvis & perineum,"In an anatomy examination, which option correctly identifies the key structure in this statement? The pelvic splanchnic nerves carry parasympathetic fibers from S2–S4.",Pudendal nerve,Pelvic splanchnic nerves,Lumbar splanchnic nerves,Superior hypogastric plexus,B,Answer: Pelvic splanchnic nerves. Remember this association for NEET-PG/FMGE.
893,Anatomy,Pelvis & perineum,"In an anatomy examination, which option correctly identifies the key structure in this statement? The levator ani is the major muscle of the pelvic floor.",Piriformis,Levator ani,Obturator internus,Coccygeus only,B,Correct answer: Levator ani. This is a high-yield anatomy fact.
894,Anatomy,Pelvis & perineum,"In an anatomy examination, which option correctly identifies the key structure in this statement? Which structure is associated with this statement: The levator ani is the major muscle of the pelvic floor.",Piriformis,Levator ani,Obturator internus,Coccygeus only,B,The structure is Levator ani.
895,Anatomy,Pelvis & perineum,"In an anatomy examination, which option correctly identifies the key structure in this statement? A medical student is asked in a viva: The levator ani is the major muscle of the pelvic floor. Which option should be selected?",Piriformis,Levator ani,Obturator internus,Coccygeus only,B,High-yield point: Levator ani.
896,Anatomy,Pelvis & perineum,"In an anatomy examination, which option correctly identifies the key structure in this statement? The levator ani is the major muscle of the pelvic floor.",Piriformis,Levator ani,Obturator internus,Coccygeus only,B,Answer: Levator ani. Remember this association for NEET-PG/FMGE.
897,Anatomy,Pelvis & perineum,"In an anatomy examination, which option correctly identifies the key structure in this statement? The ischioanal fossa contains the pudendal canal in its lateral wall.",Obturator canal,Pudendal canal,Femoral canal,Adductor canal,B,Correct answer: Pudendal canal. This is a high-yield anatomy fact.
898,Anatomy,Pelvis & perineum,"In an anatomy examination, which option correctly identifies the key structure in this statement? Which structure is associated with this statement: The ischioanal fossa contains the pudendal canal in its lateral wall.",Obturator canal,Pudendal canal,Femoral canal,Adductor canal,B,The structure is Pudendal canal.
899,Anatomy,Pelvis & perineum,"In an anatomy examination, which option correctly identifies the key structure in this statement? A medical student is asked in a viva: The ischioanal fossa contains the pudendal canal in its lateral wall. Which option should be selected?",Obturator canal,Pudendal canal,Femoral canal,Adductor canal,B,High-yield point: Pudendal canal.
900,Anatomy,Pelvis & perineum,"In an anatomy examination, which option correctly identifies the key structure in this statement? The ischioanal fossa contains the pudendal canal in its lateral wall.",Obturator canal,Pudendal canal,Femoral canal,Adductor canal,B,Answer: Pudendal canal. Remember this association for NEET-PG/FMGE.
901,Anatomy,Pelvis & perineum,"In an anatomy examination, which option correctly identifies the key structure in this statement? The pudendal nerve re-enters the perineum through the lesser sciatic foramen.",Obturator foramen,Lesser sciatic foramen,Greater sciatic foramen,Femoral ring,B,Correct answer: Lesser sciatic foramen. This is a high-yield anatomy fact.
902,Anatomy,Pelvis & perineum,"In an anatomy examination, which option correctly identifies the key structure in this statement? Which structure is associated with this statement: The pudendal nerve re-enters the perineum through the lesser sciatic foramen.",Obturator foramen,Lesser sciatic foramen,Greater sciatic foramen,Femoral ring,B,The structure is Lesser sciatic foramen.
903,Anatomy,Pelvis & perineum,"In an anatomy examination, which option correctly identifies the key structure in this statement? A medical student is asked in a viva: The pudendal nerve re-enters the perineum through the lesser sciatic foramen. Which option should be selected?",Obturator foramen,Lesser sciatic foramen,Greater sciatic foramen,Femoral ring,B,High-yield point: Lesser sciatic foramen.
904,Anatomy,Pelvis & perineum,"In an anatomy examination, which option correctly identifies the key structure in this statement? The pudendal nerve re-enters the perineum through the lesser sciatic foramen.",Obturator foramen,Lesser sciatic foramen,Greater sciatic foramen,Femoral ring,B,Answer: Lesser sciatic foramen. Remember this association for NEET-PG/FMGE.
905,Anatomy,Pelvis & perineum,"In an anatomy examination, which option correctly identifies the key structure in this statement? The uterus is normally anteverted and anteflexed.",Rectum,Uterus,Urinary bladder,Vagina,B,Correct answer: Uterus. This is a high-yield anatomy fact.
906,Anatomy,Pelvis & perineum,"In an anatomy examination, which option correctly identifies the key structure in this statement? Which structure is associated with this statement: The uterus is normally anteverted and anteflexed.",Rectum,Uterus,Urinary bladder,Vagina,B,The structure is Uterus.
907,Anatomy,Pelvis & perineum,"In an anatomy examination, which option correctly identifies the key structure in this statement? A medical student is asked in a viva: The uterus is normally anteverted and anteflexed. Which option should be selected?",Rectum,Uterus,Urinary bladder,Vagina,B,High-yield point: Uterus.
908,Anatomy,Pelvis & perineum,"In an anatomy examination, which option correctly identifies the key structure in this statement? The uterus is normally anteverted and anteflexed.",Rectum,Uterus,Urinary bladder,Vagina,B,Answer: Uterus. Remember this association for NEET-PG/FMGE.
909,Anatomy,Pelvis & perineum,"In an anatomy examination, which option correctly identifies the key structure in this statement? The ovarian artery arises directly from the abdominal aorta.",External iliac artery,Abdominal aorta,Internal iliac artery,Uterine artery,B,Correct answer: Abdominal aorta. This is a high-yield anatomy fact.
910,Anatomy,Pelvis & perineum,"In an anatomy examination, which option correctly identifies the key structure in this statement? Which structure is associated with this statement: The ovarian artery arises directly from the abdominal aorta.",External iliac artery,Abdominal aorta,Internal iliac artery,Uterine artery,B,The structure is Abdominal aorta.
911,Anatomy,Pelvis & perineum,"In an anatomy examination, which option correctly identifies the key structure in this statement? A medical student is asked in a viva: The ovarian artery arises directly from the abdominal aorta. Which option should be selected?",External iliac artery,Abdominal aorta,Internal iliac artery,Uterine artery,B,High-yield point: Abdominal aorta.
912,Anatomy,Pelvis & perineum,"In an anatomy examination, which option correctly identifies the key structure in this statement? The ovarian artery arises directly from the abdominal aorta.",External iliac artery,Abdominal aorta,Internal iliac artery,Uterine artery,B,Answer: Abdominal aorta. Remember this association for NEET-PG/FMGE.
913,Anatomy,Pelvis & perineum,"In an anatomy examination, which option correctly identifies the key structure in this statement? The uterine artery is a branch of the anterior division of the internal iliac artery.",Vaginal artery,Uterine artery,Ovarian artery,Inferior epigastric artery,B,Correct answer: Uterine artery. This is a high-yield anatomy fact.
914,Anatomy,Pelvis & perineum,"In an anatomy examination, which option correctly identifies the key structure in this statement? Which structure is associated with this statement: The uterine artery is a branch of the anterior division of the internal iliac artery.",Vaginal artery,Uterine artery,Ovarian artery,Inferior epigastric artery,B,The structure is Uterine artery.
915,Anatomy,Pelvis & perineum,"In an anatomy examination, which option correctly identifies the key structure in this statement? A medical student is asked in a viva: The uterine artery is a branch of the anterior division of the internal iliac artery. Which option should be selected?",Vaginal artery,Uterine artery,Ovarian artery,Inferior epigastric artery,B,High-yield point: Uterine artery.
916,Anatomy,Pelvis & perineum,"In an anatomy examination, which option correctly identifies the key structure in this statement? The uterine artery is a branch of the anterior division of the internal iliac artery.",Vaginal artery,Uterine artery,Ovarian artery,Inferior epigastric artery,B,Answer: Uterine artery. Remember this association for NEET-PG/FMGE.
917,Anatomy,Pelvis & perineum,"In an anatomy examination, which option correctly identifies the key structure in this statement? The ureter passes inferior to the uterine artery near the cervix.",Round ligament,Ureter,Ovarian artery,Uterine vein,B,Correct answer: Ureter. This is a high-yield anatomy fact.
918,Anatomy,Pelvis & perineum,"In an anatomy examination, which option correctly identifies the key structure in this statement? Which structure is associated with this statement: The ureter passes inferior to the uterine artery near the cervix.",Round ligament,Ureter,Ovarian artery,Uterine vein,B,The structure is Ureter.
919,Anatomy,Pelvis & perineum,"In an anatomy examination, which option correctly identifies the key structure in this statement? A medical student is asked in a viva: The ureter passes inferior to the uterine artery near the cervix. Which option should be selected?",Round ligament,Ureter,Ovarian artery,Uterine vein,B,High-yield point: Ureter.
920,Anatomy,Pelvis & perineum,"In an anatomy examination, which option correctly identifies the key structure in this statement? The ureter passes inferior to the uterine artery near the cervix.",Round ligament,Ureter,Ovarian artery,Uterine vein,B,Answer: Ureter. Remember this association for NEET-PG/FMGE.
921,Anatomy,Pelvis & perineum,"In an anatomy examination, which option correctly identifies the key structure in this statement? The testicular artery arises from the abdominal aorta.",External iliac artery,Abdominal aorta,Internal iliac artery,Inferior mesenteric artery,B,Correct answer: Abdominal aorta. This is a high-yield anatomy fact.
922,Anatomy,Pelvis & perineum,"In an anatomy examination, which option correctly identifies the key structure in this statement? Which structure is associated with this statement: The testicular artery arises from the abdominal aorta.",External iliac artery,Abdominal aorta,Internal iliac artery,Inferior mesenteric artery,B,The structure is Abdominal aorta.
923,Anatomy,Pelvis & perineum,"In an anatomy examination, which option correctly identifies the key structure in this statement? A medical student is asked in a viva: The testicular artery arises from the abdominal aorta. Which option should be selected?",External iliac artery,Abdominal aorta,Internal iliac artery,Inferior mesenteric artery,B,High-yield point: Abdominal aorta.
924,Anatomy,Pelvis & perineum,"In an anatomy examination, which option correctly identifies the key structure in this statement? The testicular artery arises from the abdominal aorta.",External iliac artery,Abdominal aorta,Internal iliac artery,Inferior mesenteric artery,B,Answer: Abdominal aorta. Remember this association for NEET-PG/FMGE.
925,Anatomy,Pelvis & perineum,"In an anatomy examination, which option correctly identifies the key structure in this statement? The ductus deferens crosses superior to the ureter near the urinary bladder.",Epididymis,Ductus deferens,Ureter,Testicular artery,B,Correct answer: Ductus deferens. This is a high-yield anatomy fact.
926,Anatomy,Pelvis & perineum,"In an anatomy examination, which option correctly identifies the key structure in this statement? Which structure is associated with this statement: The ductus deferens crosses superior to the ureter near the urinary bladder.",Epididymis,Ductus deferens,Ureter,Testicular artery,B,The structure is Ductus deferens.
927,Anatomy,Pelvis & perineum,"In an anatomy examination, which option correctly identifies the key structure in this statement? A medical student is asked in a viva: The ductus deferens crosses superior to the ureter near the urinary bladder. Which option should be selected?",Epididymis,Ductus deferens,Ureter,Testicular artery,B,High-yield point: Ductus deferens.
928,Anatomy,Pelvis & perineum,"In an anatomy examination, which option correctly identifies the key structure in this statement? The ductus deferens crosses superior to the ureter near the urinary bladder.",Epididymis,Ductus deferens,Ureter,Testicular artery,B,Answer: Ductus deferens. Remember this association for NEET-PG/FMGE.
929,Anatomy,Head & neck,"In an anatomy examination, which option correctly identifies the key structure in this statement? The facial nerve is cranial nerve VII.",Vagus nerve,Facial nerve,Trigeminal nerve,Glossopharyngeal nerve,B,Correct answer: Facial nerve. This is a high-yield anatomy fact.
930,Anatomy,Head & neck,"In an anatomy examination, which option correctly identifies the key structure in this statement? Which structure is associated with this statement: The facial nerve is cranial nerve VII.",Vagus nerve,Facial nerve,Trigeminal nerve,Glossopharyngeal nerve,B,The structure is Facial nerve.
931,Anatomy,Head & neck,"In an anatomy examination, which option correctly identifies the key structure in this statement? A medical student is asked in a viva: The facial nerve is cranial nerve VII. Which option should be selected?",Vagus nerve,Facial nerve,Trigeminal nerve,Glossopharyngeal nerve,B,High-yield point: Facial nerve.
932,Anatomy,Head & neck,"In an anatomy examination, which option correctly identifies the key structure in this statement? The facial nerve is cranial nerve VII.",Vagus nerve,Facial nerve,Trigeminal nerve,Glossopharyngeal nerve,B,Answer: Facial nerve. Remember this association for NEET-PG/FMGE.
933,Anatomy,Head & neck,"In an anatomy examination, which option correctly identifies the key structure in this statement? The trigeminal nerve is cranial nerve V.",Vagus nerve,Trigeminal nerve,Facial nerve,Hypoglossal nerve,B,Correct answer: Trigeminal nerve. This is a high-yield anatomy fact.
934,Anatomy,Head & neck,"In an anatomy examination, which option correctly identifies the key structure in this statement? Which structure is associated with this statement: The trigeminal nerve is cranial nerve V.",Vagus nerve,Trigeminal nerve,Facial nerve,Hypoglossal nerve,B,The structure is Trigeminal nerve.
935,Anatomy,Head & neck,"In an anatomy examination, which option correctly identifies the key structure in this statement? A medical student is asked in a viva: The trigeminal nerve is cranial nerve V. Which option should be selected?",Vagus nerve,Trigeminal nerve,Facial nerve,Hypoglossal nerve,B,High-yield point: Trigeminal nerve.
936,Anatomy,Head & neck,"In an anatomy examination, which option correctly identifies the key structure in this statement? The trigeminal nerve is cranial nerve V.",Vagus nerve,Trigeminal nerve,Facial nerve,Hypoglossal nerve,B,Answer: Trigeminal nerve. Remember this association for NEET-PG/FMGE.
937,Anatomy,Head & neck,"In an anatomy examination, which option correctly identifies the key structure in this statement? The mandibular division of the trigeminal nerve is the only trigeminal division carrying motor fibers.",Maxillary division (V2),Mandibular division (V3),Ophthalmic division (V1),All three equally,B,Correct answer: Mandibular division (V3). This is a high-yield anatomy fact.
938,Anatomy,Head & neck,"In an anatomy examination, which option correctly identifies the key structure in this statement? Which structure is associated with this statement: The mandibular division of the trigeminal nerve is the only trigeminal division carrying motor fibers.",Maxillary division (V2),Mandibular division (V3),Ophthalmic division (V1),All three equally,B,The structure is Mandibular division (V3).
939,Anatomy,Head & neck,"In an anatomy examination, which option correctly identifies the key structure in this statement? A medical student is asked in a viva: The mandibular division of the trigeminal nerve is the only trigeminal division carrying motor fibers. Which option should be selected?",Maxillary division (V2),Mandibular division (V3),Ophthalmic division (V1),All three equally,B,High-yield point: Mandibular division (V3).
940,Anatomy,Head & neck,"In an anatomy examination, which option correctly identifies the key structure in this statement? The mandibular division of the trigeminal nerve is the only trigeminal division carrying motor fibers.",Maxillary division (V2),Mandibular division (V3),Ophthalmic division (V1),All three equally,B,Answer: Mandibular division (V3). Remember this association for NEET-PG/FMGE.
941,Anatomy,Head & neck,"In an anatomy examination, which option correctly identifies the key structure in this statement? The parasympathetic secretomotor fibers to the parotid gland originate from the glossopharyngeal nerve.",Vagus nerve,Glossopharyngeal nerve,Facial nerve,Trigeminal nerve,B,Correct answer: Glossopharyngeal nerve. This is a high-yield anatomy fact.
942,Anatomy,Head & neck,"In an anatomy examination, which option correctly identifies the key structure in this statement? Which structure is associated with this statement: The parasympathetic secretomotor fibers to the parotid gland originate from the glossopharyngeal nerve.",Vagus nerve,Glossopharyngeal nerve,Facial nerve,Trigeminal nerve,B,The structure is Glossopharyngeal nerve.
943,Anatomy,Head & neck,"In an anatomy examination, which option correctly identifies the key structure in this statement? A medical student is asked in a viva: The parasympathetic secretomotor fibers to the parotid gland originate from the glossopharyngeal nerve. Which option should be selected?",Vagus nerve,Glossopharyngeal nerve,Facial nerve,Trigeminal nerve,B,High-yield point: Glossopharyngeal nerve.
944,Anatomy,Head & neck,"In an anatomy examination, which option correctly identifies the key structure in this statement? The parasympathetic secretomotor fibers to the parotid gland originate from the glossopharyngeal nerve.",Vagus nerve,Glossopharyngeal nerve,Facial nerve,Trigeminal nerve,B,Answer: Glossopharyngeal nerve. Remember this association for NEET-PG/FMGE.
945,Anatomy,Head & neck,"In an anatomy examination, which option correctly identifies the key structure in this statement? The facial nerve supplies the muscles of facial expression.",Glossopharyngeal nerve,Facial nerve,Trigeminal nerve,Hypoglossal nerve,B,Correct answer: Facial nerve. This is a high-yield anatomy fact.
946,Anatomy,Head & neck,"In an anatomy examination, which option correctly identifies the key structure in this statement? Which structure is associated with this statement: The facial nerve supplies the muscles of facial expression.",Glossopharyngeal nerve,Facial nerve,Trigeminal nerve,Hypoglossal nerve,B,The structure is Facial nerve.
947,Anatomy,Head & neck,"In an anatomy examination, which option correctly identifies the key structure in this statement? A medical student is asked in a viva: The facial nerve supplies the muscles of facial expression. Which option should be selected?",Glossopharyngeal nerve,Facial nerve,Trigeminal nerve,Hypoglossal nerve,B,High-yield point: Facial nerve.
948,Anatomy,Head & neck,"In an anatomy examination, which option correctly identifies the key structure in this statement? The facial nerve supplies the muscles of facial expression.",Glossopharyngeal nerve,Facial nerve,Trigeminal nerve,Hypoglossal nerve,B,Answer: Facial nerve. Remember this association for NEET-PG/FMGE.
949,Anatomy,Head & neck,"In an anatomy examination, which option correctly identifies the key structure in this statement? The hypoglossal nerve supplies most muscles of the tongue.",Vagus nerve,Hypoglossal nerve,Glossopharyngeal nerve,Facial nerve,B,Correct answer: Hypoglossal nerve. This is a high-yield anatomy fact.
950,Anatomy,Head & neck,"In an anatomy examination, which option correctly identifies the key structure in this statement? Which structure is associated with this statement: The hypoglossal nerve supplies most muscles of the tongue.",Vagus nerve,Hypoglossal nerve,Glossopharyngeal nerve,Facial nerve,B,The structure is Hypoglossal nerve.
951,Anatomy,Head & neck,"In an anatomy examination, which option correctly identifies the key structure in this statement? A medical student is asked in a viva: The hypoglossal nerve supplies most muscles of the tongue. Which option should be selected?",Vagus nerve,Hypoglossal nerve,Glossopharyngeal nerve,Facial nerve,B,High-yield point: Hypoglossal nerve.
952,Anatomy,Head & neck,"In an anatomy examination, which option correctly identifies the key structure in this statement? The hypoglossal nerve supplies most muscles of the tongue.",Vagus nerve,Hypoglossal nerve,Glossopharyngeal nerve,Facial nerve,B,Answer: Hypoglossal nerve. Remember this association for NEET-PG/FMGE.
953,Anatomy,Head & neck,"In an anatomy examination, which option correctly identifies the key structure in this statement? The sternocleidomastoid and trapezius are supplied by the spinal accessory nerve.",Phrenic nerve,Spinal accessory nerve,Vagus nerve,Hypoglossal nerve,B,Correct answer: Spinal accessory nerve. This is a high-yield anatomy fact.
954,Anatomy,Head & neck,"In an anatomy examination, which option correctly identifies the key structure in this statement? Which structure is associated with this statement: The sternocleidomastoid and trapezius are supplied by the spinal accessory nerve.",Phrenic nerve,Spinal accessory nerve,Vagus nerve,Hypoglossal nerve,B,The structure is Spinal accessory nerve.
955,Anatomy,Head & neck,"In an anatomy examination, which option correctly identifies the key structure in this statement? A medical student is asked in a viva: The sternocleidomastoid and trapezius are supplied by the spinal accessory nerve. Which option should be selected?",Phrenic nerve,Spinal accessory nerve,Vagus nerve,Hypoglossal nerve,B,High-yield point: Spinal accessory nerve.
956,Anatomy,Head & neck,"In an anatomy examination, which option correctly identifies the key structure in this statement? The sternocleidomastoid and trapezius are supplied by the spinal accessory nerve.",Phrenic nerve,Spinal accessory nerve,Vagus nerve,Hypoglossal nerve,B,Answer: Spinal accessory nerve. Remember this association for NEET-PG/FMGE.
957,Anatomy,Head & neck,"In an anatomy examination, which option correctly identifies the key structure in this statement? The carotid sinus carries afferent fibers mainly through the glossopharyngeal nerve.",Facial nerve,Glossopharyngeal nerve,Vagus nerve,Hypoglossal nerve,B,Correct answer: Glossopharyngeal nerve. This is a high-yield anatomy fact.
958,Anatomy,Head & neck,"In an anatomy examination, which option correctly identifies the key structure in this statement? Which structure is associated with this statement: The carotid sinus carries afferent fibers mainly through the glossopharyngeal nerve.",Facial nerve,Glossopharyngeal nerve,Vagus nerve,Hypoglossal nerve,B,The structure is Glossopharyngeal nerve.
959,Anatomy,Head & neck,"In an anatomy examination, which option correctly identifies the key structure in this statement? A medical student is asked in a viva: The carotid sinus carries afferent fibers mainly through the glossopharyngeal nerve. Which option should be selected?",Facial nerve,Glossopharyngeal nerve,Vagus nerve,Hypoglossal nerve,B,High-yield point: Glossopharyngeal nerve.
960,Anatomy,Head & neck,"In an anatomy examination, which option correctly identifies the key structure in this statement? The carotid sinus carries afferent fibers mainly through the glossopharyngeal nerve.",Facial nerve,Glossopharyngeal nerve,Vagus nerve,Hypoglossal nerve,B,Answer: Glossopharyngeal nerve. Remember this association for NEET-PG/FMGE.
961,Anatomy,Head & neck,"In an anatomy examination, which option correctly identifies the key structure in this statement? The carotid body is innervated mainly by the glossopharyngeal nerve.",Facial nerve,Glossopharyngeal nerve,Vagus nerve,Hypoglossal nerve,B,Correct answer: Glossopharyngeal nerve. This is a high-yield anatomy fact.
962,Anatomy,Head & neck,"In an anatomy examination, which option correctly identifies the key structure in this statement? Which structure is associated with this statement: The carotid body is innervated mainly by the glossopharyngeal nerve.",Facial nerve,Glossopharyngeal nerve,Vagus nerve,Hypoglossal nerve,B,The structure is Glossopharyngeal nerve.
963,Anatomy,Head & neck,"In an anatomy examination, which option correctly identifies the key structure in this statement? A medical student is asked in a viva: The carotid body is innervated mainly by the glossopharyngeal nerve. Which option should be selected?",Facial nerve,Glossopharyngeal nerve,Vagus nerve,Hypoglossal nerve,B,High-yield point: Glossopharyngeal nerve.
964,Anatomy,Head & neck,"In an anatomy examination, which option correctly identifies the key structure in this statement? The carotid body is innervated mainly by the glossopharyngeal nerve.",Facial nerve,Glossopharyngeal nerve,Vagus nerve,Hypoglossal nerve,B,Answer: Glossopharyngeal nerve. Remember this association for NEET-PG/FMGE.
965,Anatomy,Head & neck,"In an anatomy examination, which option correctly identifies the key structure in this statement? The recurrent laryngeal nerve supplies all intrinsic muscles of the larynx except cricothyroid.",Glossopharyngeal nerve,Recurrent laryngeal nerve,Superior laryngeal nerve,Hypoglossal nerve,B,Correct answer: Recurrent laryngeal nerve. This is a high-yield anatomy fact.
966,Anatomy,Head & neck,"In an anatomy examination, which option correctly identifies the key structure in this statement? Which structure is associated with this statement: The recurrent laryngeal nerve supplies all intrinsic muscles of the larynx except cricothyroid.",Glossopharyngeal nerve,Recurrent laryngeal nerve,Superior laryngeal nerve,Hypoglossal nerve,B,The structure is Recurrent laryngeal nerve.
967,Anatomy,Head & neck,"In an anatomy examination, which option correctly identifies the key structure in this statement? A medical student is asked in a viva: The recurrent laryngeal nerve supplies all intrinsic muscles of the larynx except cricothyroid. Which option should be selected?",Glossopharyngeal nerve,Recurrent laryngeal nerve,Superior laryngeal nerve,Hypoglossal nerve,B,High-yield point: Recurrent laryngeal nerve.
968,Anatomy,Head & neck,"In an anatomy examination, which option correctly identifies the key structure in this statement? The recurrent laryngeal nerve supplies all intrinsic muscles of the larynx except cricothyroid.",Glossopharyngeal nerve,Recurrent laryngeal nerve,Superior laryngeal nerve,Hypoglossal nerve,B,Answer: Recurrent laryngeal nerve. Remember this association for NEET-PG/FMGE.
969,Anatomy,Head & neck,"In an anatomy examination, which option correctly identifies the key structure in this statement? The external branch of the superior laryngeal nerve supplies cricothyroid.",Internal laryngeal nerve,External laryngeal nerve,Recurrent laryngeal nerve,Hypoglossal nerve,B,Correct answer: External laryngeal nerve. This is a high-yield anatomy fact.
970,Anatomy,Head & neck,"In an anatomy examination, which option correctly identifies the key structure in this statement? Which structure is associated with this statement: The external branch of the superior laryngeal nerve supplies cricothyroid.",Internal laryngeal nerve,External laryngeal nerve,Recurrent laryngeal nerve,Hypoglossal nerve,B,The structure is External laryngeal nerve.
971,Anatomy,Head & neck,"In an anatomy examination, which option correctly identifies the key structure in this statement? A medical student is asked in a viva: The external branch of the superior laryngeal nerve supplies cricothyroid. Which option should be selected?",Internal laryngeal nerve,External laryngeal nerve,Recurrent laryngeal nerve,Hypoglossal nerve,B,High-yield point: External laryngeal nerve.
972,Anatomy,Head & neck,"In an anatomy examination, which option correctly identifies the key structure in this statement? The external branch of the superior laryngeal nerve supplies cricothyroid.",Internal laryngeal nerve,External laryngeal nerve,Recurrent laryngeal nerve,Hypoglossal nerve,B,Answer: External laryngeal nerve. Remember this association for NEET-PG/FMGE.
973,Anatomy,Head & neck,"In an anatomy examination, which option correctly identifies the key structure in this statement? The internal carotid artery enters the skull through the carotid canal.",Foramen ovale,Carotid canal,Jugular foramen,Foramen spinosum,B,Correct answer: Carotid canal. This is a high-yield anatomy fact.
974,Anatomy,Head & neck,"In an anatomy examination, which option correctly identifies the key structure in this statement? Which structure is associated with this statement: The internal carotid artery enters the skull through the carotid canal.",Foramen ovale,Carotid canal,Jugular foramen,Foramen spinosum,B,The structure is Carotid canal.
975,Anatomy,Head & neck,"In an anatomy examination, which option correctly identifies the key structure in this statement? A medical student is asked in a viva: The internal carotid artery enters the skull through the carotid canal. Which option should be selected?",Foramen ovale,Carotid canal,Jugular foramen,Foramen spinosum,B,High-yield point: Carotid canal.
976,Anatomy,Head & neck,"In an anatomy examination, which option correctly identifies the key structure in this statement? The internal carotid artery enters the skull through the carotid canal.",Foramen ovale,Carotid canal,Jugular foramen,Foramen spinosum,B,Answer: Carotid canal. Remember this association for NEET-PG/FMGE.
977,Anatomy,Head & neck,"In an anatomy examination, which option correctly identifies the key structure in this statement? The internal jugular vein exits the skull through the jugular foramen.",Facial vein,Internal jugular vein,External jugular vein,Retromandibular vein,B,Correct answer: Internal jugular vein. This is a high-yield anatomy fact.
978,Anatomy,Head & neck,"In an anatomy examination, which option correctly identifies the key structure in this statement? Which structure is associated with this statement: The internal jugular vein exits the skull through the jugular foramen.",Facial vein,Internal jugular vein,External jugular vein,Retromandibular vein,B,The structure is Internal jugular vein.
979,Anatomy,Head & neck,"In an anatomy examination, which option correctly identifies the key structure in this statement? A medical student is asked in a viva: The internal jugular vein exits the skull through the jugular foramen. Which option should be selected?",Facial vein,Internal jugular vein,External jugular vein,Retromandibular vein,B,High-yield point: Internal jugular vein.
980,Anatomy,Head & neck,"In an anatomy examination, which option correctly identifies the key structure in this statement? The internal jugular vein exits the skull through the jugular foramen.",Facial vein,Internal jugular vein,External jugular vein,Retromandibular vein,B,Answer: Internal jugular vein. Remember this association for NEET-PG/FMGE.
981,Anatomy,Head & neck,"In an anatomy examination, which option correctly identifies the key structure in this statement? The middle meningeal artery enters the cranial cavity through the foramen spinosum.",Foramen rotundum,Foramen spinosum,Foramen ovale,Jugular foramen,B,Correct answer: Foramen spinosum. This is a high-yield anatomy fact.
982,Anatomy,Head & neck,"In an anatomy examination, which option correctly identifies the key structure in this statement? Which structure is associated with this statement: The middle meningeal artery enters the cranial cavity through the foramen spinosum.",Foramen rotundum,Foramen spinosum,Foramen ovale,Jugular foramen,B,The structure is Foramen spinosum.
983,Anatomy,Head & neck,"In an anatomy examination, which option correctly identifies the key structure in this statement? A medical student is asked in a viva: The middle meningeal artery enters the cranial cavity through the foramen spinosum. Which option should be selected?",Foramen rotundum,Foramen spinosum,Foramen ovale,Jugular foramen,B,High-yield point: Foramen spinosum.
984,Anatomy,Head & neck,"In an anatomy examination, which option correctly identifies the key structure in this statement? The middle meningeal artery enters the cranial cavity through the foramen spinosum.",Foramen rotundum,Foramen spinosum,Foramen ovale,Jugular foramen,B,Answer: Foramen spinosum. Remember this association for NEET-PG/FMGE.
985,Anatomy,Head & neck,"In an anatomy examination, which option correctly identifies the key structure in this statement? The maxillary nerve exits the cranial cavity through the foramen rotundum.",Foramen spinosum,Foramen rotundum,Foramen ovale,Superior orbital fissure,B,Correct answer: Foramen rotundum. This is a high-yield anatomy fact.
986,Anatomy,Head & neck,"In an anatomy examination, which option correctly identifies the key structure in this statement? Which structure is associated with this statement: The maxillary nerve exits the cranial cavity through the foramen rotundum.",Foramen spinosum,Foramen rotundum,Foramen ovale,Superior orbital fissure,B,The structure is Foramen rotundum.
987,Anatomy,Head & neck,"In an anatomy examination, which option correctly identifies the key structure in this statement? A medical student is asked in a viva: The maxillary nerve exits the cranial cavity through the foramen rotundum. Which option should be selected?",Foramen spinosum,Foramen rotundum,Foramen ovale,Superior orbital fissure,B,High-yield point: Foramen rotundum.
988,Anatomy,Head & neck,"In an anatomy examination, which option correctly identifies the key structure in this statement? The maxillary nerve exits the cranial cavity through the foramen rotundum.",Foramen spinosum,Foramen rotundum,Foramen ovale,Superior orbital fissure,B,Answer: Foramen rotundum. Remember this association for NEET-PG/FMGE.
989,Anatomy,Head & neck,"In an anatomy examination, which option correctly identifies the key structure in this statement? The mandibular nerve exits through the foramen ovale.",Foramen spinosum,Foramen ovale,Foramen rotundum,Internal acoustic meatus,B,Correct answer: Foramen ovale. This is a high-yield anatomy fact.
990,Anatomy,Head & neck,"In an anatomy examination, which option correctly identifies the key structure in this statement? Which structure is associated with this statement: The mandibular nerve exits through the foramen ovale.",Foramen spinosum,Foramen ovale,Foramen rotundum,Internal acoustic meatus,B,The structure is Foramen ovale.
991,Anatomy,Head & neck,"In an anatomy examination, which option correctly identifies the key structure in this statement? A medical student is asked in a viva: The mandibular nerve exits through the foramen ovale. Which option should be selected?",Foramen spinosum,Foramen ovale,Foramen rotundum,Internal acoustic meatus,B,High-yield point: Foramen ovale.
992,Anatomy,Head & neck,"In an anatomy examination, which option correctly identifies the key structure in this statement? The mandibular nerve exits through the foramen ovale.",Foramen spinosum,Foramen ovale,Foramen rotundum,Internal acoustic meatus,B,Answer: Foramen ovale. Remember this association for NEET-PG/FMGE.
993,Anatomy,Head & neck,"In an anatomy examination, which option correctly identifies the key structure in this statement? The optic nerve passes through the optic canal.",Foramen rotundum,Optic canal,Superior orbital fissure,Foramen ovale,B,Correct answer: Optic canal. This is a high-yield anatomy fact.
994,Anatomy,Head & neck,"In an anatomy examination, which option correctly identifies the key structure in this statement? Which structure is associated with this statement: The optic nerve passes through the optic canal.",Foramen rotundum,Optic canal,Superior orbital fissure,Foramen ovale,B,The structure is Optic canal.
995,Anatomy,Head & neck,"In an anatomy examination, which option correctly identifies the key structure in this statement? A medical student is asked in a viva: The optic nerve passes through the optic canal. Which option should be selected?",Foramen rotundum,Optic canal,Superior orbital fissure,Foramen ovale,B,High-yield point: Optic canal.
996,Anatomy,Head & neck,"In an anatomy examination, which option correctly identifies the key structure in this statement? The optic nerve passes through the optic canal.",Foramen rotundum,Optic canal,Superior orbital fissure,Foramen ovale,B,Answer: Optic canal. Remember this association for NEET-PG/FMGE.
997,Anatomy,Head & neck,"In an anatomy examination, which option correctly identifies the key structure in this statement? The optic nerve is cranial nerve II.",Trochlear nerve,Optic nerve,Oculomotor nerve,Abducens nerve,B,Correct answer: Optic nerve. This is a high-yield anatomy fact.
998,Anatomy,Head & neck,"In an anatomy examination, which option correctly identifies the key structure in this statement? Which structure is associated with this statement: The optic nerve is cranial nerve II.",Trochlear nerve,Optic nerve,Oculomotor nerve,Abducens nerve,B,The structure is Optic nerve.
999,Anatomy,Head & neck,"In an anatomy examination, which option correctly identifies the key structure in this statement? A medical student is asked in a viva: The optic nerve is cranial nerve II. Which option should be selected?",Trochlear nerve,Optic nerve,Oculomotor nerve,Abducens nerve,B,High-yield point: Optic nerve.
1000,Anatomy,Head & neck,"In an anatomy examination, which option correctly identifies the key structure in this statement? The optic nerve is cranial nerve II.",Trochlear nerve,Optic nerve,Oculomotor nerve,Abducens nerve,B,Answer: Optic nerve. Remember this association for NEET-PG/FMGE.
